# Blender 4.5.2 LTS
# www.blender.org
mtllib lamp.mtl
o lamp
v -0.030147 -0.816510 -0.277202
v -0.030147 -0.777273 -0.277202
v -0.002163 -0.777273 -0.249699
v -0.002644 -0.777273 -0.305187
v 0.025341 -0.777273 -0.277683
v -0.002644 -0.816510 -0.305187
v 0.025341 -0.816510 -0.277683
v -0.030147 -0.166408 -0.277202
v -0.002163 -0.167081 -0.249699
v -0.030147 -0.126609 -0.277202
v -0.002163 -0.127519 -0.249699
v -0.002644 -0.125203 -0.305187
v 0.025341 -0.126609 -0.277683
v -0.002644 -0.165288 -0.305187
v 0.025341 -0.166408 -0.277683
v -0.305185 -0.816510 0.002641
v -0.277201 -0.816510 0.030144
v -0.305185 -0.777273 0.002641
v -0.277201 -0.777273 0.030144
v -0.277681 -0.777273 -0.025344
v -0.249697 -0.777273 0.002160
v -0.277681 -0.816510 -0.025344
v -0.305185 -0.165288 0.002641
v -0.277201 -0.166408 0.030144
v -0.305185 -0.125203 0.002641
v -0.277201 -0.126609 0.030144
v -0.277681 -0.126609 -0.025344
v -0.249697 -0.127519 0.002160
v -0.277681 -0.166408 -0.025344
v -0.249697 -0.167081 0.002160
v 0.277680 -0.816510 0.025339
v 0.249696 -0.777273 -0.002165
v 0.277680 -0.777273 0.025339
v 0.277199 -0.777273 -0.030149
v 0.305184 -0.777273 -0.002645
v 0.277199 -0.816510 -0.030149
v 0.305184 -0.816510 -0.002645
v 0.249696 -0.167081 -0.002165
v 0.277680 -0.166408 0.025339
v 0.249696 -0.127519 -0.002165
v 0.277680 -0.126609 0.025339
v 0.277199 -0.126609 -0.030149
v 0.305184 -0.125203 -0.002645
v 0.277199 -0.166408 -0.030149
v 0.305184 -0.165288 -0.002645
v -0.025342 -0.816510 0.277678
v 0.002642 -0.816510 0.305182
v -0.025342 -0.777273 0.277678
v 0.002642 -0.777273 0.305182
v 0.002162 -0.777273 0.249694
v 0.030146 -0.777273 0.277198
v 0.030146 -0.816510 0.277198
v -0.025342 -0.166408 0.277678
v 0.002642 -0.165288 0.305182
v -0.025342 -0.126609 0.277678
v 0.002642 -0.125203 0.305182
v 0.002162 -0.127519 0.249694
v 0.030146 -0.126609 0.277198
v 0.002162 -0.167081 0.249694
v 0.030146 -0.166408 0.277198
v -0.002428 -0.112957 -0.280241
v 0.280238 -0.112957 -0.002429
v -0.280240 -0.112957 0.002425
v 0.002426 -0.112957 0.280237
v -0.002690 -0.098676 -0.310539
v 0.310537 -0.098676 -0.002692
v -0.310538 -0.098676 0.002687
v 0.002689 -0.098676 0.310535
v -0.003751 -0.078714 -0.433033
v 0.433030 -0.078714 -0.003752
v -0.433032 -0.078714 0.003748
v 0.003750 -0.078714 0.433029
v -0.219013 -0.018252 -0.009628
v 0.230433 0.005613 -0.001998
v -0.230435 0.005613 0.001993
v 0.001995 0.005613 0.230432
v -0.002329 0.060214 -0.268853
v 0.268850 0.060214 -0.002331
v -0.268851 0.060214 0.002326
v 0.002328 0.060214 0.268848
v 0.268850 0.016607 -0.002331
v 0.002328 0.016607 0.268848
v -0.268851 0.016607 0.002326
v -0.002329 0.016607 -0.268853
v -0.002772 0.072962 -0.320011
v 0.320008 0.072962 -0.002774
v -0.320009 0.072962 0.002769
v 0.002771 0.072962 0.320006
v -0.003310 0.088200 -0.382084
v 0.382081 0.088200 -0.003311
v -0.382082 0.088200 0.003307
v 0.003308 0.088200 0.382079
v -0.003847 0.105777 -0.444157
v 0.444154 0.105777 -0.003849
v -0.444156 0.105777 0.003844
v 0.003846 0.105777 0.444153
v -0.005205 0.159712 -0.600932
v 0.600929 0.159712 -0.005207
v -0.600930 0.159712 0.005202
v 0.005204 0.159712 0.600927
v -0.013418 -0.018252 -0.218815
v -0.001996 0.005613 -0.230436
v -0.363482 0.192081 0.022286
v -0.184194 0.255046 0.011292
v -0.074446 0.312452 0.004563
v 0.003274 0.312452 -0.074516
v 0.008102 0.255046 -0.184364
v 0.015989 0.192081 -0.363815
v 0.025102 0.155672 -0.571146
v 0.018553 0.103985 -0.422142
v 0.015960 0.087930 -0.363145
v 0.013367 0.072734 -0.304149
v 0.011230 0.060169 -0.255527
v 0.011230 0.016340 -0.255527
v 0.009625 0.005585 -0.219014
v 0.009625 -0.018252 -0.219014
v 0.011016 -0.035019 -0.250653
v 0.013068 -0.051021 -0.297359
v 0.015402 -0.066516 -0.350464
v 0.018088 -0.079055 -0.411569
v 0.012971 -0.099537 -0.295147
v 0.011706 -0.113583 -0.266351
v 0.010430 -0.127849 -0.237322
v 0.037934 -0.127180 -0.265306
v 0.037934 -0.166838 -0.265306
v 0.010430 -0.167296 -0.237322
v -0.237104 -0.167296 0.014537
v -0.264608 -0.166838 0.042521
v -0.264608 -0.127180 0.042521
v -0.237104 -0.127849 0.014537
v -0.266106 -0.113583 0.016315
v -0.294877 -0.099537 0.018080
v -0.411193 -0.079055 0.025212
v -0.350143 -0.066516 0.021468
v -0.297087 -0.051021 0.018215
v -0.250423 -0.035019 0.015354
v -0.218813 -0.018252 0.013415
v -0.218813 0.005585 0.013415
v -0.255292 0.016340 0.015652
v -0.255292 0.060169 0.015652
v -0.303870 0.072734 0.018631
v -0.362813 0.087930 0.022245
v -0.421756 0.103985 0.025860
v -0.570624 0.155672 0.034988
v -0.363814 0.192081 -0.015992
v -0.184362 0.255046 -0.008105
v -0.074514 0.312452 -0.003277
v 0.004564 0.312452 0.074443
v 0.011294 0.255046 0.184192
v 0.022288 0.192081 0.363479
v 0.034990 0.155672 0.570621
v 0.025861 0.103985 0.421753
v 0.022247 0.087930 0.362810
v 0.018633 0.072734 0.303867
v 0.015654 0.060169 0.255289
v 0.015654 0.016340 0.255289
v 0.013417 0.005585 0.218810
v 0.013417 -0.018252 0.218810
v 0.015355 -0.035019 0.250420
v 0.018217 -0.051021 0.297084
v 0.021470 -0.066516 0.350140
v 0.025214 -0.079055 0.411190
v 0.018081 -0.099537 0.294874
v 0.016317 -0.113583 0.266103
v 0.014538 -0.127849 0.237101
v 0.042523 -0.127180 0.264605
v 0.042523 -0.166838 0.264605
v 0.014538 -0.167296 0.237101
v -0.224727 -0.167407 0.001944
v -0.237320 -0.167296 -0.010433
v -0.265305 -0.166838 -0.037936
v -0.265305 -0.127180 -0.037936
v -0.237320 -0.127849 -0.010433
v -0.266349 -0.113583 -0.011709
v -0.295146 -0.099537 -0.012974
v -0.411568 -0.079055 -0.018091
v -0.350462 -0.066516 -0.015405
v -0.297358 -0.051021 -0.013071
v -0.250652 -0.035019 -0.011019
v -0.219013 0.005585 -0.009628
v -0.255525 0.016340 -0.011233
v -0.255525 0.060169 -0.011233
v -0.304147 0.072734 -0.013370
v -0.363144 0.087930 -0.015963
v -0.422140 0.103985 -0.018556
v -0.571144 0.155672 -0.025105
v -0.022289 0.192081 -0.363484
v -0.011295 0.255046 -0.184196
v -0.004566 0.312452 -0.074448
v 0.074513 0.312452 0.003273
v 0.184361 0.255046 0.008101
v 0.363812 0.192081 0.015988
v 0.571143 0.155672 0.025100
v 0.422139 0.103985 0.018551
v 0.363142 0.087930 0.015958
v 0.304146 0.072734 0.013365
v 0.255524 0.060169 0.011228
v 0.255524 0.016340 0.011228
v 0.219011 0.005585 0.009624
v 0.219011 -0.018252 0.009624
v 0.250650 -0.035019 0.011014
v 0.297356 -0.051021 0.013067
v 0.350461 -0.066516 0.015401
v 0.411566 -0.079055 0.018087
v 0.295144 -0.099537 0.012970
v 0.266348 -0.113583 0.011704
v 0.237319 -0.127849 0.010428
v 0.265303 -0.127180 0.037932
v 0.265303 -0.166838 0.037932
v 0.237319 -0.167296 0.010428
v -0.001947 -0.167407 -0.224729
v -0.014540 -0.167296 -0.237106
v -0.042524 -0.166838 -0.264609
v -0.042524 -0.127180 -0.264609
v -0.014540 -0.127849 -0.237106
v -0.016318 -0.113583 -0.266108
v -0.018082 -0.099537 -0.294878
v -0.025215 -0.079055 -0.411194
v -0.021471 -0.066516 -0.350144
v -0.018218 -0.051021 -0.297088
v -0.015357 -0.035019 -0.250425
v -0.013418 0.005585 -0.218815
v -0.015655 0.016340 -0.255294
v -0.015655 0.060169 -0.255294
v -0.018634 0.072734 -0.303872
v -0.022248 0.087930 -0.362814
v -0.025863 0.103985 -0.421757
v -0.034991 0.155672 -0.570625
v 0.363481 0.192081 -0.022291
v 0.570622 0.155672 -0.034993
v 0.421754 0.103985 -0.025864
v 0.362811 0.087930 -0.022250
v 0.303869 0.072734 -0.018636
v 0.255291 0.060169 -0.015657
v 0.255291 0.016340 -0.015657
v 0.218812 0.005585 -0.013420
v 0.218812 -0.018252 -0.013420
v 0.250422 -0.035019 -0.015358
v 0.297086 -0.051021 -0.018220
v 0.350141 -0.066516 -0.021473
v 0.411191 -0.079055 -0.025217
v 0.294875 -0.099537 -0.018084
v 0.266105 -0.113583 -0.016320
v 0.237103 -0.127849 -0.014541
v 0.264606 -0.127180 -0.042526
v 0.264606 -0.166838 -0.042526
v 0.237103 -0.167296 -0.014541
v 0.224726 -0.167407 -0.001949
v 0.001946 -0.167407 0.224724
v -0.010431 -0.167296 0.237317
v -0.037935 -0.166838 0.265302
v -0.037935 -0.127180 0.265302
v -0.010431 -0.127849 0.237317
v -0.011707 -0.113583 0.266346
v -0.012973 -0.099537 0.295143
v -0.018090 -0.079055 0.411565
v -0.015404 -0.066516 0.350459
v -0.013070 -0.051021 0.297355
v -0.011017 -0.035019 0.250649
v -0.009627 -0.018252 0.219010
v -0.009627 0.005585 0.219010
v -0.011231 0.016340 0.255522
v -0.011231 0.060169 0.255522
v -0.013368 0.072734 0.304144
v -0.015961 0.087930 0.363141
v -0.018554 0.103985 0.422137
v -0.025103 0.155672 0.571141
v -0.015991 0.192081 0.363811
v -0.008104 0.255046 0.184360
v -0.003276 0.312452 0.074511
v 0.074445 0.312452 -0.004567
v 0.184193 0.255046 -0.011297
v 0.050721 0.312452 -0.027883
v 0.125496 0.255046 -0.068986
v 0.247650 0.192081 -0.136132
v 0.388782 0.135353 -0.213710
v 0.287354 0.101788 -0.157957
v 0.247194 0.087273 -0.135882
v 0.207035 0.072491 -0.113807
v 0.173937 0.060169 -0.095613
v 0.173937 0.016096 -0.095613
v 0.149083 0.005585 -0.081951
v 0.149083 -0.018266 -0.081951
v 0.170620 -0.035634 -0.093790
v 0.202413 -0.053688 -0.111266
v 0.238562 -0.072078 -0.131136
v 0.280157 -0.086598 -0.154001
v 0.200907 -0.102249 -0.110438
v 0.181305 -0.114902 -0.099663
v 0.161545 -0.128193 -0.088802
v 0.189049 -0.128193 -0.116786
v 0.189049 -0.167431 -0.116786
v 0.161545 -0.167431 -0.088802
v 0.149168 -0.167431 -0.076209
v -0.073612 -0.167431 0.150464
v -0.085989 -0.167431 0.163057
v -0.113493 -0.167431 0.191041
v -0.113493 -0.128193 0.191041
v -0.085989 -0.128193 0.163057
v -0.096507 -0.114902 0.183002
v -0.106941 -0.102249 0.202788
v -0.149124 -0.086598 0.282781
v -0.126983 -0.072078 0.240795
v -0.107742 -0.053688 0.204308
v -0.090819 -0.035634 0.172217
v -0.079355 -0.018266 0.150478
v -0.079355 0.005585 0.150478
v -0.092585 0.016096 0.175566
v -0.092585 0.060169 0.175566
v -0.110202 0.072491 0.208973
v -0.131578 0.087273 0.249509
v -0.152955 0.101788 0.290045
v -0.206943 0.135353 0.392424
v -0.131821 0.192081 0.249969
v -0.066801 0.255046 0.126671
v -0.026999 0.312452 0.051195
v 0.026998 0.312452 -0.051199
v 0.066799 0.255046 -0.126675
v 0.131820 0.192081 -0.249974
v 0.206942 0.135353 -0.392428
v 0.152953 0.101788 -0.290049
v 0.131577 0.087273 -0.249513
v 0.110201 0.072491 -0.208978
v 0.092584 0.060169 -0.175570
v 0.092584 0.016096 -0.175570
v 0.079354 0.005585 -0.150483
v 0.079354 -0.018266 -0.150483
v 0.090818 -0.035634 -0.172221
v 0.107741 -0.053688 -0.204313
v 0.126982 -0.072078 -0.240800
v 0.149123 -0.086598 -0.282785
v 0.106939 -0.102249 -0.202793
v 0.096505 -0.114902 -0.183007
v 0.085987 -0.128193 -0.163062
v 0.113491 -0.128193 -0.191046
v 0.113491 -0.167431 -0.191046
v 0.085987 -0.167431 -0.163062
v 0.073611 -0.167431 -0.150469
v -0.149170 -0.167431 0.076204
v -0.161546 -0.167431 0.088797
v -0.189050 -0.167431 0.116781
v -0.189050 -0.128193 0.116781
v -0.161546 -0.128193 0.088797
v -0.181307 -0.114902 0.099659
v -0.200909 -0.102249 0.110434
v -0.280158 -0.086598 0.153996
v -0.238563 -0.072078 0.131132
v -0.202415 -0.053688 0.111262
v -0.170621 -0.035634 0.093785
v -0.149084 -0.018266 0.081947
v -0.149084 0.005585 0.081947
v -0.173939 0.016096 0.095609
v -0.173939 0.060169 0.095609
v -0.207036 0.072491 0.113802
v -0.247196 0.087273 0.135877
v -0.287355 0.101788 0.157952
v -0.388784 0.135353 0.213706
v -0.247652 0.192081 0.136128
v -0.125498 0.255046 0.068981
v -0.050723 0.312452 0.027879
v 0.068983 0.255046 0.125495
v 0.136129 0.192081 0.247649
v 0.213708 0.135353 0.388781
v 0.157954 0.101788 0.287352
v 0.135879 0.087273 0.247193
v 0.113804 0.072491 0.207033
v 0.095610 0.060169 0.173936
v 0.095610 0.016096 0.173936
v 0.081948 0.005585 0.149081
v 0.081948 -0.018266 0.149081
v 0.093787 -0.035634 0.170618
v 0.111263 -0.053688 0.202412
v 0.131134 -0.072078 0.238560
v 0.153998 -0.086598 0.280155
v 0.110435 -0.102249 0.200906
v 0.099660 -0.114902 0.181304
v 0.088799 -0.128193 0.161543
v 0.116783 -0.128193 0.189047
v 0.116783 -0.167431 0.189047
v 0.088799 -0.167431 0.161543
v 0.076206 -0.167431 0.149167
v 0.000648 -0.167431 0.074907
v -0.074910 -0.167431 0.000646
v -0.150467 -0.167431 -0.073614
v -0.163060 -0.167431 -0.085990
v -0.191044 -0.167431 -0.113494
v -0.191044 -0.128193 -0.113494
v -0.163060 -0.128193 -0.085990
v -0.183005 -0.114902 -0.096508
v -0.202791 -0.102249 -0.106942
v -0.282783 -0.086598 -0.149126
v -0.240798 -0.072078 -0.126985
v -0.204311 -0.053688 -0.107744
v -0.172220 -0.035634 -0.090821
v -0.150481 -0.018266 -0.079357
v -0.150481 0.005585 -0.079357
v -0.175568 0.016096 -0.092587
v -0.175568 0.060169 -0.092587
v -0.208976 0.072491 -0.110204
v -0.249512 0.087273 -0.131580
v -0.290048 0.101788 -0.152956
v -0.392426 0.135353 -0.206945
v -0.249972 0.192081 -0.131823
v -0.126673 0.255046 -0.066802
v -0.051198 0.312452 -0.027001
v 0.027880 0.312452 0.050720
v 0.126672 0.255046 0.066798
v 0.249971 0.192081 0.131818
v 0.392425 0.135353 0.206940
v 0.290046 0.101788 0.152952
v 0.249511 0.087273 0.131576
v 0.208975 0.072491 0.110199
v 0.175567 0.060169 0.092582
v 0.175567 0.016096 0.092582
v 0.150480 0.005585 0.079352
v 0.150480 -0.018266 0.079352
v 0.172219 -0.035634 0.090816
v 0.204310 -0.053688 0.107739
v 0.240797 -0.072078 0.126980
v 0.282782 -0.086598 0.149121
v 0.202790 -0.102249 0.106938
v 0.183004 -0.114902 0.096504
v 0.163059 -0.128193 0.085986
v 0.191043 -0.128193 0.113490
v 0.191043 -0.167431 0.113490
v 0.163059 -0.167431 0.085986
v 0.150466 -0.167431 0.073609
v 0.074908 -0.167431 -0.000651
v -0.000649 -0.167431 -0.074911
v -0.076207 -0.167431 -0.149171
v -0.088800 -0.167431 -0.161548
v -0.116784 -0.167431 -0.189052
v -0.116784 -0.128193 -0.189052
v -0.088800 -0.128193 -0.161548
v -0.099662 -0.114902 -0.181308
v -0.110437 -0.102249 -0.200910
v -0.153999 -0.086598 -0.280160
v -0.131135 -0.072078 -0.238565
v -0.111265 -0.053688 -0.202416
v -0.093788 -0.035634 -0.170623
v -0.081950 -0.018266 -0.149086
v -0.081950 0.005585 -0.149086
v -0.095612 0.016096 -0.173940
v -0.095612 0.060169 -0.173940
v -0.113805 0.072491 -0.207038
v -0.135880 0.087273 -0.247197
v -0.157955 0.101788 -0.287357
v -0.213709 0.135353 -0.388785
v -0.136131 0.192081 -0.247653
v -0.068984 0.255046 -0.125499
v -0.027882 0.312452 -0.050724
v 0.051197 0.312452 0.026996
v -0.000816 0.357671 -0.094158
v 0.012921 0.355988 -0.084331
v -0.014381 0.355988 -0.084094
v -0.000476 0.360338 -0.054827
v -0.005280 0.211493 -0.609638
v 0.034979 0.201976 -0.579938
v -0.003407 0.238834 -0.393320
v 0.028111 0.236742 -0.375490
v -0.045019 0.201976 -0.579245
v -0.034611 0.236743 -0.374947
v -0.609636 0.211493 0.005277
v -0.579243 0.201976 0.045017
v -0.374945 0.236742 0.034609
v -0.393318 0.238834 0.003404
v 0.609635 0.211493 -0.005282
v 0.579935 0.201976 0.034978
v 0.393317 0.238834 -0.003409
v 0.375487 0.236742 0.028110
v -0.001826 0.299876 -0.210809
v 0.024932 0.296288 -0.201458
v -0.028418 0.296288 -0.200996
v -0.200994 0.296288 0.028415
v -0.210808 0.299876 0.001823
v 0.210806 0.299876 -0.001828
v 0.201455 0.296288 0.024930
v -0.084093 0.355988 0.014378
v -0.094157 0.357671 0.000813
v 0.094155 0.357671 -0.000818
v 0.084328 0.355988 0.012919
v 0.027942 0.360338 -0.052989
v 0.021662 0.360338 -0.044282
v -0.375488 0.236743 -0.028114
v -0.201456 0.296288 -0.024935
v -0.084329 0.355988 -0.012924
v -0.054826 0.360338 0.000472
v -0.052496 0.360338 0.028854
v -0.043899 0.360338 0.022424
v 0.028417 0.296288 0.200991
v 0.001825 0.299876 0.210805
v 0.014379 0.355988 0.084090
v 0.000815 0.357671 0.094154
v 0.034610 0.236743 0.374942
v 0.003406 0.238834 0.393315
v 0.045018 0.201976 0.579240
v 0.005279 0.211493 0.609633
v -0.579936 0.201976 -0.034982
v -0.022427 0.360338 -0.043900
v -0.028857 0.360338 -0.052497
v 0.043897 0.360338 -0.022429
v 0.044279 0.360338 0.021660
v 0.054824 0.360338 -0.000477
v 0.579242 0.201976 -0.045021
v 0.374944 0.236743 -0.034613
v -0.034981 0.201976 0.579933
v -0.028112 0.236743 0.375486
v -0.024933 0.296288 0.201453
v -0.012922 0.355988 0.084326
v 0.000474 0.360338 0.054823
v 0.052986 0.360338 0.027940
v 0.084091 0.355988 -0.014382
v 0.200993 0.296288 -0.028420
v 0.052495 0.360338 -0.028858
v -0.044281 0.360338 -0.021665
v -0.052988 0.360338 -0.027945
v 0.028855 0.360338 0.052493
v 0.022426 0.360338 0.043896
v -0.021663 0.360338 0.044278
v -0.027943 0.360338 0.052985
v 0.041205 0.377804 -0.021053
v 0.041564 0.377804 0.020332
v 0.051463 0.377804 -0.000448
v -0.041207 0.377804 0.021049
v -0.041565 0.377804 -0.020337
v -0.051464 0.377804 0.000443
v 0.021050 0.377804 0.041204
v -0.021052 0.377804 -0.041209
v 0.020334 0.377804 -0.041567
v -0.000446 0.377804 -0.051466
v 0.000445 0.377804 0.051461
v -0.020335 0.377804 0.041562
v 0.031188 0.391454 -0.015936
v 0.031460 0.391454 0.015389
v 0.038952 0.391454 -0.000340
v -0.031190 0.391454 0.015931
v -0.031461 0.391454 -0.015393
v -0.038953 0.391454 0.000335
v 0.015933 0.391454 0.031187
v -0.015934 0.391454 -0.031191
v 0.015390 0.391454 -0.031463
v -0.000338 0.391454 -0.038955
v 0.000337 0.391454 0.038950
v -0.015392 0.391454 0.031458
v 0.040757 0.424328 -0.020824
v 0.041112 0.424328 0.020111
v 0.047863 0.425988 -0.000417
v -0.040758 0.424328 0.020820
v -0.041113 0.424328 -0.020115
v -0.047865 0.425988 0.000412
v 0.020821 0.424328 0.040755
v -0.020823 0.424328 -0.040760
v 0.020112 0.424328 -0.041114
v -0.000415 0.425988 -0.047866
v 0.000414 0.425988 0.047862
v -0.020114 0.424328 0.041110
v 0.041903 0.454414 -0.021410
v 0.042267 0.454414 0.020676
v 0.049209 0.454278 -0.000428
v -0.041904 0.454414 0.021405
v -0.042269 0.454414 -0.020681
v -0.049210 0.454278 0.000424
v 0.021407 0.454414 0.041901
v -0.021408 0.454414 -0.041906
v 0.020678 0.454414 -0.042270
v -0.000427 0.454278 -0.049212
v 0.000426 0.454278 0.049207
v -0.020679 0.454414 0.042266
v 0.034551 0.479933 -0.017654
v 0.034851 0.479933 0.017048
v 0.040575 0.478273 -0.000353
v -0.034552 0.479933 0.017649
v -0.034853 0.479933 -0.017053
v -0.040576 0.478273 0.000349
v 0.017651 0.479933 0.034549
v -0.017652 0.479933 -0.034554
v 0.017050 0.479933 -0.034854
v -0.000352 0.478273 -0.040578
v 0.000351 0.478273 0.040573
v -0.017051 0.479933 0.034850
v 0.023735 0.490222 -0.012128
v 0.013529 0.497447 -0.000119
v 0.023941 0.490222 0.011711
v 0.029643 0.490222 -0.000259
v -0.023736 0.490222 0.012123
v -0.013531 0.497447 0.000115
v -0.023943 0.490222 -0.011715
v -0.029644 0.490222 0.000254
v 0.000117 0.497447 0.013528
v 0.012125 0.490222 0.023733
v -0.012126 0.490222 -0.023738
v -0.000118 0.497447 -0.013532
v 0.011712 0.490222 -0.023944
v -0.000257 0.490222 -0.029646
v 0.000256 0.490222 0.029641
v -0.011713 0.490222 0.023940
v -0.003782 -0.054446 -0.436675
v 0.022279 -0.060738 -0.415248
v -0.003229 -0.046879 -0.372826
v 0.020358 -0.048556 -0.354750
v -0.029469 -0.060738 -0.414799
v -0.026501 -0.048556 -0.354344
v -0.002756 -0.031773 -0.318152
v 0.019045 -0.033606 -0.302593
v -0.024284 -0.033606 -0.302218
v 0.018135 -0.018636 -0.257344
v -0.001445 -0.018205 -0.270362
v -0.436673 -0.054446 0.003779
v -0.414798 -0.060738 0.029466
v -0.354343 -0.048556 0.026498
v -0.372825 -0.046879 0.003227
v -0.302216 -0.033606 0.024281
v -0.318150 -0.031773 0.002753
v -0.256990 -0.018636 0.022587
v -0.270345 -0.018205 0.003236
v -0.415246 -0.060738 -0.022282
v -0.354749 -0.048556 -0.020361
v -0.302591 -0.033606 -0.019048
v -0.256223 -0.017793 -0.017250
v 0.436672 -0.054446 -0.003784
v 0.415245 -0.060738 0.022278
v 0.372823 -0.046879 -0.003231
v 0.354747 -0.048556 0.020357
v 0.318149 -0.031773 -0.002758
v 0.302590 -0.033606 0.019043
v 0.270312 -0.016611 -0.002343
v 0.257341 -0.018636 0.018133
v 0.256989 -0.018636 -0.022592
v 0.302215 -0.033606 -0.024285
v 0.354341 -0.048556 -0.026502
v 0.414796 -0.060738 -0.029471
v 0.022589 -0.018636 0.256987
v 0.002340 -0.016611 0.270310
v 0.024282 -0.033606 0.302213
v 0.002755 -0.031773 0.318147
v 0.026499 -0.048556 0.354340
v 0.003228 -0.046879 0.372822
v 0.029468 -0.060738 0.414795
v 0.003781 -0.054446 0.436670
v -0.022281 -0.060738 0.415243
v -0.020360 -0.048556 0.354746
v -0.019046 -0.033606 0.302588
v -0.018136 -0.018636 0.257340
v -0.005955 0.184044 -0.687480
v 0.032898 0.159499 -0.613327
v -0.006036 0.233511 -0.696837
v 0.038903 0.205095 -0.618672
v -0.043517 0.159499 -0.612665
v -0.049614 0.205095 -0.617906
v -0.687478 0.184044 0.005952
v -0.612946 0.159499 0.041599
v -0.617924 0.205095 0.047390
v -0.696836 0.233511 0.006033
v -0.613574 0.159499 -0.030981
v -0.618652 0.205095 -0.036685
v 0.687477 0.184044 -0.005956
v 0.613240 0.159499 0.033545
v 0.696834 0.233511 -0.006037
v 0.618676 0.205095 0.039652
v 0.612567 0.159499 -0.044166
v 0.617896 0.205095 -0.050366
v 0.042255 0.159499 0.612847
v 0.005953 0.184044 0.687476
v 0.048151 0.205095 0.617914
v 0.006034 0.233511 0.696833
v -0.031636 0.159499 0.613487
v -0.037443 0.205095 0.618655
v -0.141334 -0.114902 -0.138908
v -0.156614 -0.102249 -0.153926
v -0.218391 -0.086598 -0.214643
v -0.185967 -0.072078 -0.182775
v -0.157788 -0.053688 -0.155080
v -0.133004 -0.035634 -0.130722
v -0.116215 -0.018266 -0.114221
v -0.116215 0.005585 -0.114221
v -0.135590 0.016096 -0.133263
v -0.135590 0.060169 -0.133263
v -0.161391 0.072491 -0.158621
v -0.192696 0.087273 -0.189389
v -0.224001 0.101788 -0.220156
v -0.303068 0.135353 -0.297865
v -0.193051 0.192081 -0.189738
v -0.097829 0.255046 -0.096151
v -0.039540 0.312452 -0.038862
v -0.040922 0.360338 -0.040221
v -0.033354 0.360338 -0.032783
v -0.031309 0.377804 -0.030773
v -0.023698 0.391454 -0.023292
v -0.030968 0.424328 -0.030438
v -0.031838 0.454414 -0.031293
v -0.026252 0.479933 -0.025803
v -0.018035 0.490222 -0.017726
v -0.006824 0.497447 -0.006709
v 0.006823 0.497447 0.006704
v 0.018033 0.490222 0.017722
v 0.026251 0.479933 0.025799
v 0.031837 0.454414 0.031289
v 0.030967 0.424328 0.030433
v 0.023696 0.391454 0.023288
v 0.031307 0.377804 0.030768
v 0.033352 0.360338 0.032778
v 0.040921 0.360338 0.040216
v 0.039538 0.312452 0.038858
v 0.097828 0.255046 0.096146
v 0.193050 0.192081 0.189733
v 0.303066 0.135353 0.297860
v 0.224000 0.101788 0.220152
v 0.192695 0.087273 0.189384
v 0.161389 0.072491 0.158616
v 0.135589 0.060169 0.133259
v 0.135589 0.016096 0.133259
v 0.116214 0.005585 0.114217
v 0.116214 -0.018266 0.114217
v 0.133003 -0.035634 0.130717
v 0.157787 -0.053688 0.155075
v 0.185965 -0.072078 0.182770
v 0.218390 -0.086598 0.214638
v 0.156613 -0.102249 0.153922
v 0.141332 -0.114902 0.138904
v -0.138907 -0.114902 0.141331
v -0.153925 -0.102249 0.156611
v -0.214641 -0.086598 0.218388
v -0.182773 -0.072078 0.185964
v -0.155078 -0.053688 0.157785
v -0.130720 -0.035634 0.133001
v -0.114220 -0.018266 0.116212
v -0.114220 0.005585 0.116212
v -0.133262 0.016096 0.135587
v -0.133262 0.060169 0.135587
v -0.158619 0.072491 0.161388
v -0.189387 0.087273 0.192693
v -0.220155 0.101788 0.223998
v -0.297863 0.135353 0.303065
v -0.189736 0.192081 0.193049
v -0.096149 0.255046 0.097826
v -0.038861 0.312452 0.039537
v -0.040219 0.360338 0.040919
v -0.032781 0.360338 0.033351
v -0.030771 0.377804 0.031306
v -0.023291 0.391454 0.023695
v -0.030436 0.424328 0.030965
v -0.031292 0.454414 0.031835
v -0.025801 0.479933 0.026249
v -0.017725 0.490222 0.018031
v -0.006707 0.497447 0.006821
v -0.000001 0.497447 -0.000002
v 0.006706 0.497447 -0.006826
v 0.017723 0.490222 -0.018036
v 0.025800 0.479933 -0.026254
v 0.031290 0.454414 -0.031840
v 0.030435 0.424328 -0.030969
v 0.023289 0.391454 -0.023699
v 0.030770 0.377804 -0.031310
v 0.032780 0.360338 -0.033355
v 0.040218 0.360338 -0.040924
v 0.038860 0.312452 -0.039541
v 0.096148 0.255046 -0.097831
v 0.189735 0.192081 -0.193053
v 0.297862 0.135353 -0.303069
v 0.220153 0.101788 -0.224003
v 0.189386 0.087273 -0.192698
v 0.158618 0.072491 -0.161392
v 0.133260 0.060169 -0.135592
v 0.133260 0.016096 -0.135592
v 0.114218 0.005585 -0.116217
v 0.114218 -0.018266 -0.116217
v 0.130719 -0.035634 -0.133006
v 0.155077 -0.053688 -0.157790
v 0.182772 -0.072078 -0.185968
v 0.214640 -0.086598 -0.218393
v 0.153923 -0.102249 -0.156616
v 0.138905 -0.114902 -0.141335
v 0.151270 -0.128193 -0.153916
v 0.151270 -0.167431 -0.153916
v -0.151271 -0.167431 0.153911
v -0.151271 -0.128193 0.153911
v 0.153913 -0.128193 0.151268
v 0.153913 -0.167431 0.151268
v -0.153914 -0.167431 -0.151273
v -0.153914 -0.128193 -0.151273
v 0.123766 -0.128193 -0.125932
v -0.123768 -0.128193 0.125927
v 0.125929 -0.128193 0.123765
v -0.125930 -0.128193 -0.123769
v 0.111390 -0.167431 -0.113339
v -0.111391 -0.167431 0.113334
v 0.123766 -0.167431 -0.125932
v -0.123768 -0.167431 0.125927
v -0.037131 -0.167431 0.037777
v 0.125801 -0.167431 0.123640
v 0.113336 -0.167431 0.111388
v 0.037778 -0.167431 0.037128
v -0.037779 -0.167431 -0.037132
v 0.037129 -0.167431 -0.037781
v -0.113337 -0.167431 -0.111392
v -0.126148 -0.167431 -0.123983
v -0.003967 -0.073913 -0.458000
v 0.013200 -0.078694 -0.438740
v -0.003999 -0.055596 -0.461642
v 0.014809 -0.060377 -0.440152
v -0.020798 -0.078694 -0.438445
v -0.022431 -0.060377 -0.439829
v -0.457999 -0.073913 0.003964
v -0.438503 -0.078694 0.020148
v -0.439834 -0.060377 0.021719
v -0.461640 -0.055596 0.003996
v -0.438786 -0.078694 -0.012555
v -0.440144 -0.060377 -0.014102
v 0.457997 -0.073913 -0.003969
v 0.438549 -0.078694 0.015759
v 0.461639 -0.055596 -0.004000
v 0.440173 -0.060377 0.017610
v 0.438210 -0.078694 -0.023357
v 0.439802 -0.060377 -0.025235
v 0.023156 -0.078694 0.438226
v 0.003966 -0.073913 0.457996
v 0.025016 -0.060377 0.439802
v 0.003997 -0.055596 0.461637
v -0.015564 -0.078694 0.438562
v -0.017396 -0.060377 0.440169
v -0.003180 -0.838669 -0.367133
v 0.030484 -0.838669 -0.334046
v -0.036267 -0.838669 -0.333468
v -0.334045 -0.838669 -0.030487
v -0.333466 -0.838669 0.036264
v -0.367131 -0.838669 0.003177
v 0.333465 -0.838669 -0.036268
v 0.367130 -0.838669 -0.003182
v 0.334043 -0.838669 0.030483
v 0.036265 -0.838669 0.333464
v 0.003179 -0.838669 0.367128
v -0.030486 -0.838669 0.334042
v -0.003180 -0.861958 -0.367133
v 0.030484 -0.861958 -0.334046
v -0.002242 -0.887467 -0.258779
v -0.036267 -0.861958 -0.333468
v -0.334045 -0.861958 -0.030487
v -0.258778 -0.887467 0.002239
v -0.333466 -0.861958 0.036264
v -0.367131 -0.861958 0.003177
v 0.333465 -0.861958 -0.036268
v 0.367130 -0.861958 -0.003182
v 0.334043 -0.861958 0.030483
v 0.258776 -0.887467 -0.002243
v 0.002240 -0.887467 0.258775
v 0.036265 -0.861958 0.333464
v 0.003179 -0.861958 0.367128
v -0.030486 -0.861958 0.334042
v -0.227138 -0.903988 0.001965
v 0.001966 -0.903988 0.227135
v -0.001968 -0.903988 -0.227140
v 0.227137 -0.903988 -0.001969
v -0.227138 -0.911769 0.001965
v 0.001966 -0.911769 0.227135
v -0.001968 -0.911769 -0.227140
v 0.227137 -0.911769 -0.001969
v -0.237353 -0.921844 0.002053
v 0.002055 -0.921844 0.237350
v -0.002056 -0.921844 -0.237355
v 0.237352 -0.921844 -0.002058
v -0.237358 -0.931164 0.002053
v 0.002055 -0.931164 0.237355
v -0.002056 -0.931164 -0.237359
v 0.237356 -0.931164 -0.002058
v -0.218771 -0.940765 0.001892
v 0.001894 -0.940765 0.218768
v -0.001895 -0.940765 -0.218773
v 0.218770 -0.940765 -0.001897
v -0.192883 -0.949846 0.001668
v 0.001670 -0.949846 0.192880
v -0.001671 -0.949846 -0.192884
v 0.192881 -0.949846 -0.001673
v -0.192883 -0.960233 0.001668
v 0.001670 -0.960233 0.192880
v -0.001671 -0.960233 -0.192884
v 0.192881 -0.960233 -0.001673
v -0.297026 -0.972282 0.002570
v 0.002572 -0.972282 0.297023
v -0.002573 -0.972282 -0.297028
v 0.297025 -0.972282 -0.002575
v -0.297026 -0.996164 0.002570
v 0.002572 -0.996164 0.297023
v -0.002573 -0.996164 -0.297028
v 0.297025 -0.996164 -0.002575
v -0.193539 -1.022146 0.001674
v 0.001675 -1.022146 0.193536
v -0.001677 -1.022146 -0.193541
v 0.193538 -1.022146 -0.001678
v -0.101710 -1.059311 0.000879
v 0.000880 -1.059311 0.101707
v -0.000882 -1.059311 -0.101712
v 0.101709 -1.059311 -0.000883
v -0.101710 -1.072287 0.000879
v 0.000880 -1.072287 0.101707
v -0.000882 -1.072287 -0.101712
v 0.101709 -1.072287 -0.000883
v -0.000001 -1.072287 -0.000002
v -0.021684 -0.017793 -0.255888
v -0.000001 -0.167431 -0.000002
v 0.048950 0.642904 -0.049808
v -0.000001 0.671830 -0.000002
v -0.048951 0.642904 0.049803
v -0.069227 0.573070 0.070434
v -0.048951 0.503236 0.049803
v -0.000001 0.474310 -0.000002
v 0.048950 0.503236 -0.049808
v 0.069226 0.573070 -0.070438
v 0.058447 0.646784 -0.045914
v 0.006777 0.677317 0.006659
v -0.044893 0.646784 0.059232
v -0.066295 0.573070 0.081008
v -0.044893 0.499357 0.059232
v 0.006777 0.468824 0.006659
v 0.058447 0.499357 -0.045914
v 0.079849 0.573070 -0.067690
v 0.063886 0.654543 -0.051448
v 0.006777 0.688290 0.006659
v -0.050332 0.654543 0.064766
v -0.073987 0.573070 0.088834
v -0.050332 0.491597 0.064766
v 0.006777 0.457850 0.006659
v 0.063886 0.491597 -0.051448
v 0.087541 0.573070 -0.075516
v 0.059828 0.658423 -0.060876
v -0.000001 0.693777 -0.000002
v -0.059829 0.658423 0.060871
v -0.084611 0.573070 0.086086
v -0.059829 0.487718 0.060871
v -0.000001 0.452364 -0.000002
v 0.059828 0.487718 -0.060876
v 0.084609 0.573070 -0.086091
v 0.050330 0.654543 -0.064770
v -0.006778 0.688290 -0.006664
v -0.063887 0.654543 0.051443
v -0.087543 0.573070 0.075512
v -0.063887 0.491597 0.051443
v -0.006778 0.457850 -0.006664
v 0.050330 0.491597 -0.064770
v 0.073986 0.573070 -0.088839
v 0.044892 0.646784 -0.059236
v -0.006778 0.677317 -0.006664
v -0.058448 0.646784 0.045909
v -0.079851 0.573070 0.067685
v -0.058448 0.499357 0.045909
v -0.006778 0.468824 -0.006664
v 0.044892 0.499357 -0.059236
v 0.066294 0.573070 -0.081013
vn 0.7010 -0.0000 -0.7132
vn 0.5232 0.6655 -0.5323
vn 0.5102 0.6857 -0.5191
vn -0.0020 -0.9734 -0.2291
vn -0.5191 0.6857 -0.5102
vn -0.5323 0.6655 -0.5232
vn -0.7132 -0.0000 -0.7009
vn -0.0016 0.9993 0.0370
vn 0.0003 0.9994 0.0354
vn 0.0022 0.9993 0.0370
vn 0.0004 0.9991 0.0417
vn -0.7132 -0.0000 -0.7010
vn 0.7132 -0.0000 0.7010
vn -0.7010 -0.0000 0.7132
vn -0.5102 0.6857 0.5191
vn -0.5232 0.6655 0.5323
vn -0.2291 -0.9734 0.0020
vn 0.0417 0.9991 -0.0004
vn 0.0370 0.9993 0.0016
vn 0.0354 0.9994 -0.0003
vn 0.0370 0.9993 -0.0022
vn 0.2291 -0.9734 -0.0020
vn 0.3520 0.8697 0.3460
vn 0.5191 0.6857 0.5102
vn -0.0354 0.9994 0.0003
vn -0.0370 0.9993 0.0022
vn -0.0417 0.9991 0.0004
vn -0.0370 0.9993 -0.0016
vn 0.0020 -0.9734 0.2291
vn -0.0022 0.9993 -0.0370
vn -0.0004 0.9991 -0.0417
vn 0.0016 0.9993 -0.0370
vn -0.0003 0.9994 -0.0354
vn -0.0000 1.0000 -0.0000
vn 0.2253 -0.9488 0.2214
vn -0.2214 -0.9488 0.2253
vn -0.2253 -0.9488 -0.2214
vn 0.2214 -0.9488 -0.2253
vn -0.0137 0.9999 -0.0006
vn 0.0198 -0.9998 -0.0002
vn 0.0231 -0.9997 -0.0029
vn 0.0089 -1.0000 0.0010
vn 0.0061 -1.0000 0.0013
vn -0.0002 -0.9998 -0.0198
vn -0.0029 -0.9997 -0.0231
vn 0.0010 -1.0000 -0.0089
vn 0.0013 -1.0000 -0.0061
vn -0.0006 0.9999 0.0137
vn 0.0009 0.9999 0.0137
vn 0.0025 -0.9997 -0.0231
vn -0.0014 -1.0000 -0.0061
vn -0.0011 -1.0000 -0.0089
vn -0.0231 -0.9997 -0.0025
vn -0.0198 -0.9998 0.0002
vn -0.0061 -1.0000 0.0014
vn -0.0089 -1.0000 0.0011
vn 0.0137 0.9999 -0.0009
vn 0.0020 0.9967 -0.0815
vn -0.0006 0.9977 -0.0676
vn -0.0035 0.9966 -0.0820
vn -0.0009 0.9949 -0.1005
vn -0.0000 -1.0000 -0.0011
vn -0.0000 -1.0000 -0.0000
vn 0.3702 -0.8445 -0.3870
vn 0.3638 -0.8409 -0.4008
vn 0.3687 -0.8436 -0.3903
vn -0.3707 -0.8409 -0.3944
vn -0.3769 -0.8445 -0.3805
vn -0.3754 -0.8436 -0.3839
vn -0.3944 -0.8409 0.3707
vn -0.3805 -0.8445 0.3769
vn -0.3839 -0.8436 0.3754
vn 0.3870 -0.8445 0.3702
vn 0.4007 -0.8409 0.3638
vn 0.3903 -0.8436 0.3687
vn 0.3563 -0.8520 -0.3836
vn 0.3508 -0.8468 -0.3999
vn 0.3550 -0.8507 -0.3876
vn -0.3577 -0.8467 -0.3938
vn -0.3629 -0.8520 -0.3774
vn -0.3617 -0.8507 -0.3814
vn -0.3938 -0.8468 0.3577
vn -0.3774 -0.8520 0.3629
vn -0.3814 -0.8507 0.3617
vn 0.3836 -0.8520 0.3563
vn 0.3999 -0.8468 0.3508
vn 0.3876 -0.8507 0.3550
vn 0.1087 -0.9819 -0.1553
vn 0.1292 -0.9781 -0.1634
vn -0.0012 -0.9903 -0.1387
vn 0.1119 -0.9813 -0.1565
vn -0.1320 -0.9781 -0.1611
vn -0.1113 -0.9819 -0.1534
vn -0.1146 -0.9813 -0.1546
vn -0.1611 -0.9781 0.1320
vn -0.1534 -0.9819 0.1113
vn -0.1546 -0.9813 0.1147
vn -0.1390 -0.9903 0.0012
vn 0.1553 -0.9819 0.1087
vn 0.1634 -0.9781 0.1292
vn 0.1376 -0.9905 -0.0012
vn 0.1563 -0.9814 0.1113
vn 0.2724 0.9518 -0.1412
vn -0.0010 0.9936 -0.1129
vn 0.2705 0.9513 -0.1481
vn -0.2748 0.9518 -0.1364
vn -0.2730 0.9513 -0.1434
vn -0.1162 0.9932 0.0010
vn -0.1373 0.9515 0.2754
vn -0.1434 0.9513 0.2730
vn 0.1372 0.9531 0.2696
vn 0.1007 0.9949 -0.0009
vn 0.1481 0.9513 0.2705
vn 0.2640 0.9290 -0.2593
vn -0.2684 0.9290 -0.2547
vn -0.2547 0.9290 0.2684
vn 0.2593 0.9290 0.2640
vn 0.2475 0.9260 -0.2851
vn -0.2360 0.9304 -0.2806
vn -0.2808 0.9260 0.2524
vn 0.2941 0.9133 0.2818
vn 0.3684 0.8107 -0.4550
vn -0.3683 0.8086 -0.4587
vn -0.4486 0.8107 0.3762
vn 0.4407 0.8101 0.3867
vn 0.2511 -0.9310 -0.2649
vn 0.2505 -0.9309 -0.2659
vn 0.6749 -0.2577 -0.6914
vn 0.6628 -0.3221 -0.6759
vn -0.2550 -0.9309 -0.2616
vn -0.2586 -0.9314 -0.2562
vn -0.6744 -0.3221 -0.6643
vn -0.6876 -0.2577 -0.6788
vn -0.2616 -0.9309 0.2550
vn -0.4749 -0.7366 0.4816
vn -0.6644 -0.3221 0.6744
vn -0.6788 -0.2577 0.6876
vn 0.4832 -0.7366 0.4733
vn 0.2659 -0.9309 0.2505
vn 0.6914 -0.2577 0.6750
vn 0.6759 -0.3221 0.6628
vn 0.5457 -0.6455 0.5344
vn 0.5280 -0.6770 0.5127
vn -0.5191 -0.6770 0.5218
vn -0.5360 -0.6455 0.5441
vn -0.5218 -0.6770 -0.5191
vn -0.5441 -0.6455 -0.5360
vn 0.5344 -0.6455 -0.5457
vn 0.5127 -0.6770 -0.5280
vn 0.2222 -0.9461 -0.2358
vn 0.2251 -0.9463 -0.2320
vn -0.2290 -0.9463 -0.2281
vn -0.2263 -0.9460 -0.2319
vn -0.2281 -0.9463 0.2290
vn -0.2319 -0.9461 0.2262
vn 0.2358 -0.9461 0.2222
vn 0.2321 -0.9463 0.2250
vn 0.2171 -0.9476 -0.2345
vn 0.2221 -0.9464 -0.2346
vn -0.2261 -0.9464 -0.2307
vn -0.2212 -0.9475 -0.2307
vn -0.2307 -0.9464 0.2261
vn -0.2307 -0.9476 0.2212
vn 0.2345 -0.9476 0.2172
vn 0.2346 -0.9464 0.2221
vn 0.2074 -0.9435 -0.2586
vn 0.2176 -0.9451 -0.2436
vn -0.2119 -0.9435 -0.2549
vn -0.2218 -0.9451 -0.2398
vn -0.2549 -0.9435 0.2119
vn -0.2398 -0.9451 0.2218
vn 0.2586 -0.9435 0.2074
vn 0.2436 -0.9451 0.2176
vn 0.2001 -0.9407 -0.2740
vn 0.2083 -0.9255 -0.3162
vn 0.2024 -0.9368 -0.2854
vn -0.2138 -0.9255 -0.3125
vn -0.2048 -0.9407 -0.2705
vn -0.2073 -0.9368 -0.2818
vn -0.3125 -0.9255 0.2138
vn -0.2705 -0.9407 0.2048
vn -0.2818 -0.9368 0.2073
vn 0.2740 -0.9407 0.2001
vn 0.3162 -0.9255 0.2083
vn 0.2854 -0.9368 0.2024
vn 0.2386 0.9670 -0.0889
vn 0.0001 0.9999 0.0162
vn 0.2469 0.9591 -0.1386
vn -0.2401 0.9670 -0.0848
vn -0.2493 0.9591 -0.1343
vn 0.0106 0.9999 -0.0001
vn -0.0895 0.9661 0.2421
vn -0.1343 0.9591 0.2493
vn 0.0873 0.9673 0.2380
vn -0.0180 0.9998 0.0001
vn 0.1386 0.9591 0.2469
vn 0.2346 0.9212 -0.3105
vn -0.2399 0.9212 -0.3064
vn -0.3064 0.9212 0.2399
vn 0.3105 0.9212 0.2346
vn 0.3082 0.8557 -0.4156
vn -0.3153 0.8557 -0.4102
vn -0.4102 0.8557 0.3154
vn 0.4156 0.8557 0.3082
vn -0.2990 0.9045 0.3042
vn -0.4029 0.8183 0.4099
vn 0.0059 0.9959 -0.0904
vn 0.0054 0.9964 -0.0841
vn 0.4029 0.8183 -0.4099
vn 0.2990 0.9045 -0.3042
vn 0.2502 0.9460 -0.2061
vn 0.2530 0.9483 -0.1916
vn 0.2485 0.9446 -0.2145
vn 0.2011 -0.9485 -0.2446
vn 0.2005 -0.9459 -0.2550
vn 0.2224 -0.9471 -0.2314
vn 0.2216 -0.9468 -0.2335
vn 0.2253 -0.9462 -0.2322
vn 0.5856 -0.5491 -0.5963
vn 0.6289 -0.4408 -0.6404
vn 0.5469 -0.6249 -0.5571
vn 0.4145 0.8078 -0.4192
vn 0.4139 0.8089 -0.4176
vn 0.4148 0.8072 -0.4200
vn 0.3216 0.8931 -0.3147
vn 0.3210 0.8951 -0.3095
vn 0.3219 0.8919 -0.3175
vn 0.3018 0.9114 -0.2798
vn 0.3039 0.9130 -0.2721
vn 0.3006 0.9105 -0.2841
vn 0.2331 0.9520 -0.1985
vn 0.2401 0.9516 -0.1920
vn 0.2290 0.9522 -0.2023
vn 0.1146 -0.9830 -0.1431
vn 0.1118 -0.9827 -0.1477
vn 0.3566 -0.8559 -0.3744
vn 0.3567 -0.8547 -0.3773
vn 0.3693 -0.8476 -0.3811
vn 0.3698 -0.8466 -0.3828
vn -0.0009 1.0000 0.0070
vn 0.0013 -1.0000 -0.0037
vn 0.0011 -1.0000 -0.0044
vn 0.0002 -1.0000 -0.0005
vn -0.0044 -1.0000 0.0012
vn -0.0037 -1.0000 0.0014
vn 0.0070 1.0000 -0.0010
vn 0.0070 1.0000 -0.0011
vn -0.3764 -0.8466 0.3764
vn -0.3746 -0.8476 0.3759
vn -0.3711 -0.8547 0.3631
vn -0.3682 -0.8559 0.3630
vn -0.1457 -0.9827 0.1144
vn -0.1411 -0.9830 0.1171
vn -0.1984 0.9522 0.2324
vn -0.1878 0.9516 0.2434
vn -0.1944 0.9520 0.2365
vn -0.2789 0.9105 0.3054
vn -0.2668 0.9130 0.3086
vn -0.2745 0.9114 0.3066
vn -0.3119 0.8919 0.3274
vn -0.3039 0.8951 0.3264
vn -0.3091 0.8930 0.3270
vn -0.4127 0.8072 0.4220
vn -0.4104 0.8089 0.4210
vn -0.4119 0.8078 0.4217
vn -0.5475 -0.6249 0.5565
vn -0.6294 -0.4408 0.6399
vn -0.5860 -0.5491 0.5958
vn -0.2283 -0.9462 0.2293
vn -0.2276 -0.9471 0.2264
vn -0.2298 -0.9467 0.2256
vn -0.2515 -0.9459 0.2049
vn -0.2411 -0.9485 0.2054
vn -0.2101 0.9446 0.2522
vn -0.1872 0.9483 0.2563
vn -0.2018 0.9460 0.2537
vn -0.3105 0.9212 -0.2346
vn -0.4156 0.8557 -0.3082
vn -0.1005 0.9949 0.0009
vn -0.0819 0.9966 -0.0020
vn -0.0676 0.9977 0.0006
vn -0.0815 0.9967 0.0034
vn -0.1094 0.9940 0.0090
vn 0.3154 0.8557 0.4102
vn 0.2399 0.9212 0.3064
vn -0.0001 0.9999 -0.0126
vn 0.2414 0.9664 0.0878
vn 0.2493 0.9591 0.1343
vn 0.2138 -0.9255 0.3125
vn 0.2048 -0.9407 0.2705
vn 0.2073 -0.9368 0.2818
vn 0.2119 -0.9435 0.2549
vn 0.2261 -0.9464 0.2308
vn 0.2218 -0.9451 0.2398
vn 0.2263 -0.9460 0.2319
vn 0.2290 -0.9463 0.2281
vn 0.2212 -0.9476 0.2307
vn 0.5218 -0.6770 0.5191
vn 0.5441 -0.6455 0.5360
vn 0.6876 -0.2577 0.6788
vn 0.6723 -0.3221 0.6665
vn 0.2550 -0.9309 0.2616
vn 0.2557 -0.9310 0.2605
vn 0.3943 0.8101 0.4339
vn 0.2869 0.9133 0.2892
vn 0.2684 0.9290 0.2547
vn 0.0009 0.9948 0.1016
vn 0.2722 0.9530 0.1328
vn 0.2730 0.9513 0.1434
vn 0.1320 -0.9781 0.1611
vn 0.1113 -0.9819 0.1534
vn 0.1140 -0.9814 0.1543
vn 0.0012 -0.9905 0.1376
vn 0.3577 -0.8468 0.3938
vn 0.3629 -0.8520 0.3774
vn 0.3617 -0.8507 0.3814
vn 0.3707 -0.8409 0.3944
vn 0.3769 -0.8445 0.3805
vn 0.3754 -0.8436 0.3839
vn -0.0009 0.9999 -0.0137
vn 0.0014 -1.0000 0.0061
vn 0.0011 -1.0000 0.0089
vn -0.0025 -0.9997 0.0231
vn 0.0002 -0.9998 0.0198
vn -0.0011 -1.0000 -0.0000
vn -0.0007 -1.0000 0.0004
vn -0.0061 -1.0000 -0.0013
vn -0.0089 -1.0000 -0.0010
vn -0.0231 -0.9997 0.0029
vn 0.0137 0.9999 0.0006
vn -0.3903 -0.8436 -0.3687
vn -0.3870 -0.8445 -0.3702
vn -0.4007 -0.8409 -0.3638
vn -0.3876 -0.8507 -0.3550
vn -0.3836 -0.8520 -0.3563
vn -0.3999 -0.8468 -0.3508
vn -0.1566 -0.9813 -0.1120
vn -0.1553 -0.9819 -0.1087
vn -0.1634 -0.9781 -0.1292
vn -0.1481 0.9513 -0.2705
vn -0.1420 0.9515 -0.2730
vn -0.2593 0.9290 -0.2640
vn -0.2847 0.9304 -0.2311
vn -0.4651 0.8086 -0.3603
vn -0.6759 -0.3221 -0.6628
vn -0.2607 -0.9314 -0.2541
vn -0.2659 -0.9309 -0.2505
vn -0.6914 -0.2577 -0.6750
vn -0.5457 -0.6455 -0.5344
vn -0.5280 -0.6770 -0.5127
vn -0.2321 -0.9463 -0.2250
vn -0.2358 -0.9460 -0.2222
vn -0.2346 -0.9464 -0.2221
vn -0.2345 -0.9476 -0.2171
vn -0.2436 -0.9451 -0.2176
vn -0.2586 -0.9435 -0.2074
vn -0.2854 -0.9368 -0.2024
vn -0.2740 -0.9407 -0.2001
vn -0.3162 -0.9255 -0.2083
vn -0.1386 0.9591 -0.2469
vn -0.0936 0.9661 -0.2405
vn -0.3042 0.9045 -0.2990
vn -0.4099 0.8183 -0.4029
vn -0.0069 0.9964 -0.0840
vn -0.0074 0.9959 -0.0904
vn 0.4091 0.9125 -0.0035
vn 0.3665 0.9222 0.1234
vn 0.3579 0.9222 0.1468
vn 0.4099 0.8183 0.4029
vn 0.3042 0.9045 0.2990
vn 0.2061 0.9460 0.2502
vn 0.1916 0.9483 0.2530
vn 0.2145 0.9446 0.2485
vn 0.2446 -0.9485 0.2011
vn 0.2550 -0.9459 0.2005
vn 0.2314 -0.9471 0.2224
vn 0.2336 -0.9467 0.2216
vn 0.2321 -0.9462 0.2253
vn 0.5963 -0.5491 0.5856
vn 0.6404 -0.4408 0.6289
vn 0.5571 -0.6249 0.5469
vn 0.4191 0.8078 0.4145
vn 0.4176 0.8089 0.4139
vn 0.4200 0.8072 0.4148
vn 0.3147 0.8930 0.3216
vn 0.3095 0.8951 0.3210
vn 0.3175 0.8919 0.3219
vn 0.2798 0.9114 0.3018
vn 0.2721 0.9130 0.3039
vn 0.2841 0.9105 0.3006
vn 0.1985 0.9520 0.2331
vn 0.1920 0.9516 0.2401
vn 0.2024 0.9522 0.2290
vn 0.1431 -0.9830 0.1146
vn 0.1477 -0.9827 0.1118
vn 0.3745 -0.8559 0.3566
vn 0.3773 -0.8547 0.3566
vn 0.3811 -0.8476 0.3693
vn 0.3828 -0.8466 0.3698
vn -0.0070 1.0000 -0.0009
vn 0.0037 -1.0000 0.0013
vn 0.0043 -1.0000 0.0011
vn -0.0004 -1.0000 -0.0007
vn -0.0014 -1.0000 -0.0037
vn -0.0012 -1.0000 -0.0044
vn 0.0010 1.0000 0.0070
vn -0.3764 -0.8465 -0.3764
vn -0.3759 -0.8476 -0.3746
vn -0.3631 -0.8547 -0.3710
vn -0.3630 -0.8559 -0.3682
vn -0.1144 -0.9827 -0.1457
vn -0.1171 -0.9830 -0.1411
vn -0.2324 0.9522 -0.1984
vn -0.2434 0.9516 -0.1878
vn -0.2365 0.9520 -0.1944
vn -0.3055 0.9105 -0.2788
vn -0.3086 0.9130 -0.2668
vn -0.3066 0.9114 -0.2745
vn -0.3274 0.8919 -0.3119
vn -0.3264 0.8951 -0.3039
vn -0.3270 0.8930 -0.3091
vn -0.4220 0.8072 -0.4128
vn -0.4210 0.8089 -0.4104
vn -0.4217 0.8078 -0.4120
vn -0.2582 -0.9319 -0.2546
vn -0.6399 -0.4408 -0.6294
vn -0.5958 -0.5491 -0.5860
vn -0.2292 -0.9462 -0.2282
vn -0.2264 -0.9471 -0.2275
vn -0.2256 -0.9467 -0.2297
vn -0.2049 -0.9459 -0.2515
vn -0.2054 -0.9485 -0.2412
vn -0.2522 0.9446 -0.2101
vn -0.2563 0.9483 -0.1872
vn -0.2537 0.9460 -0.2018
vn 0.0832 0.9673 -0.2394
vn 0.1343 0.9591 -0.2493
vn 0.3125 -0.9255 -0.2138
vn 0.2705 -0.9407 -0.2048
vn 0.2818 -0.9368 -0.2073
vn 0.2549 -0.9435 -0.2119
vn 0.2307 -0.9464 -0.2261
vn 0.2398 -0.9451 -0.2218
vn 0.2319 -0.9461 -0.2262
vn 0.2282 -0.9463 -0.2290
vn 0.2307 -0.9476 -0.2212
vn 0.5191 -0.6770 -0.5218
vn 0.5360 -0.6455 -0.5441
vn 0.6788 -0.2577 -0.6876
vn 0.6665 -0.3221 -0.6723
vn 0.2616 -0.9309 -0.2550
vn 0.4749 -0.7366 -0.4816
vn 0.4339 0.8101 -0.3943
vn 0.2892 0.9133 -0.2869
vn 0.2547 0.9290 -0.2684
vn 0.1325 0.9531 -0.2720
vn 0.1434 0.9513 -0.2730
vn 0.1611 -0.9781 -0.1320
vn 0.1534 -0.9819 -0.1113
vn 0.1543 -0.9814 -0.1140
vn 0.3938 -0.8468 -0.3577
vn 0.3774 -0.8520 -0.3629
vn 0.3814 -0.8507 -0.3617
vn 0.3944 -0.8409 -0.3707
vn 0.3805 -0.8445 -0.3769
vn 0.3839 -0.8436 -0.3754
vn -0.0137 0.9999 0.0009
vn 0.0061 -1.0000 -0.0014
vn 0.0089 -1.0000 -0.0011
vn 0.0231 -0.9997 0.0025
vn 0.0011 -1.0000 -0.0000
vn 0.0005 -1.0000 0.0002
vn -0.0013 -1.0000 0.0061
vn -0.0000 -1.0000 0.0011
vn -0.0010 -1.0000 0.0089
vn 0.0029 -0.9997 0.0231
vn -0.7009 -0.0000 0.7132
vn 0.0006 0.9999 -0.0137
vn -0.3687 -0.8436 0.3903
vn -0.3702 -0.8445 0.3870
vn -0.3638 -0.8409 0.4007
vn -0.3550 -0.8507 0.3876
vn -0.3563 -0.8520 0.3836
vn -0.3508 -0.8468 0.3999
vn -0.1113 -0.9814 0.1563
vn -0.1087 -0.9819 0.1553
vn -0.1292 -0.9781 0.1634
vn -0.2705 0.9513 0.1481
vn -0.2699 0.9530 0.1375
vn -0.2640 0.9290 0.2593
vn -0.2818 0.9133 0.2941
vn -0.3867 0.8101 0.4407
vn -0.6628 -0.3221 0.6759
vn -0.2511 -0.9310 0.2649
vn -0.2505 -0.9309 0.2660
vn -0.6749 -0.2577 0.6914
vn -0.5344 -0.6455 0.5457
vn -0.5127 -0.6770 0.5280
vn -0.2251 -0.9463 0.2320
vn -0.2222 -0.9461 0.2358
vn -0.2171 -0.9476 0.2345
vn -0.2221 -0.9464 0.2346
vn -0.2176 -0.9451 0.2436
vn -0.2074 -0.9435 0.2586
vn -0.2024 -0.9368 0.2854
vn -0.2001 -0.9407 0.2741
vn -0.2083 -0.9255 0.3162
vn -0.2469 0.9591 0.1386
vn -0.2399 0.9664 0.0920
vn -0.2346 0.9212 0.3105
vn -0.3082 0.8557 0.4156
vn 0.0035 0.9966 0.0820
vn 0.0009 0.9949 0.1005
vn -0.0020 0.9966 0.0820
vn 0.0006 0.9977 0.0676
vn 0.0904 0.9959 0.0059
vn 0.0820 0.9966 0.0020
vn 0.1005 0.9949 -0.0009
vn 0.0841 0.9964 0.0055
vn 0.0676 0.9977 -0.0006
vn 0.0818 0.9966 -0.0034
vn 0.4102 0.8557 -0.3154
vn 0.3064 0.9212 -0.2399
vn 0.0903 0.9959 -0.0074
vn 0.0840 0.9964 -0.0069
vn 0.1872 0.9483 -0.2563
vn 0.2017 0.9460 -0.2537
vn 0.2101 0.9446 -0.2522
vn 0.2411 -0.9485 -0.2054
vn 0.2515 -0.9459 -0.2049
vn 0.2275 -0.9471 -0.2264
vn 0.2297 -0.9468 -0.2256
vn 0.2282 -0.9462 -0.2292
vn 0.5860 -0.5491 -0.5958
vn 0.6295 -0.4408 -0.6399
vn 0.5475 -0.6249 -0.5565
vn 0.4104 0.8089 -0.4210
vn 0.4120 0.8077 -0.4217
vn 0.4128 0.8072 -0.4220
vn 0.3039 0.8951 -0.3264
vn 0.3091 0.8930 -0.3270
vn 0.3119 0.8919 -0.3274
vn 0.2668 0.9130 -0.3086
vn 0.2745 0.9114 -0.3066
vn 0.2788 0.9105 -0.3055
vn 0.1878 0.9516 -0.2433
vn 0.1944 0.9520 -0.2365
vn 0.1984 0.9522 -0.2324
vn 0.1411 -0.9830 -0.1171
vn 0.1457 -0.9827 -0.1144
vn 0.3682 -0.8559 -0.3630
vn 0.3710 -0.8547 -0.3631
vn 0.3747 -0.8475 -0.3759
vn 0.3764 -0.8466 -0.3764
vn -0.0070 1.0000 0.0011
vn -0.0069 1.0000 0.0010
vn 0.0037 -1.0000 -0.0014
vn 0.0044 -1.0000 -0.0012
vn 0.0007 -1.0000 -0.0004
vn -0.0013 -1.0000 0.0037
vn -0.0004 -1.0000 0.0007
vn -0.0011 -1.0000 0.0044
vn 0.0009 1.0000 -0.0070
vn -0.3698 -0.8466 0.3828
vn -0.3694 -0.8476 0.3811
vn -0.3567 -0.8547 0.3773
vn -0.3566 -0.8559 0.3745
vn -0.1118 -0.9827 0.1477
vn -0.1146 -0.9830 0.1431
vn -0.2401 0.9516 0.1920
vn -0.2290 0.9522 0.2024
vn -0.2331 0.9520 0.1985
vn -0.3039 0.9130 0.2721
vn -0.3006 0.9105 0.2841
vn -0.3018 0.9114 0.2798
vn -0.3211 0.8951 0.3095
vn -0.3219 0.8919 0.3175
vn -0.3216 0.8931 0.3147
vn -0.4139 0.8089 0.4176
vn -0.4148 0.8072 0.4200
vn -0.4145 0.8078 0.4192
vn -0.5469 -0.6249 0.5571
vn -0.6289 -0.4408 0.6404
vn -0.5856 -0.5491 0.5963
vn -0.2253 -0.9462 0.2322
vn -0.2224 -0.9471 0.2314
vn -0.2216 -0.9467 0.2336
vn -0.2005 -0.9459 0.2550
vn -0.2011 -0.9485 0.2446
vn -0.2530 0.9483 0.1916
vn -0.2485 0.9446 0.2145
vn -0.2502 0.9460 0.2061
vn 0.2419 0.9385 -0.2462
vn 0.2031 -0.9571 -0.2067
vn 0.2219 -0.9486 -0.2258
vn 0.2201 -0.9494 -0.2239
vn 0.2249 -0.9471 -0.2288
vn 0.5774 -0.5669 -0.5875
vn 0.6347 -0.4243 -0.6458
vn 0.5380 -0.6410 -0.5474
vn 0.4162 0.8047 -0.4234
vn 0.3232 0.8874 -0.3288
vn 0.2958 0.9066 -0.3010
vn 0.2133 0.9526 -0.2170
vn 0.1246 -0.9841 -0.1268
vn 0.3564 -0.8611 -0.3627
vn 0.3674 -0.8517 -0.3738
vn -0.3674 -0.8517 0.3738
vn -0.3564 -0.8611 0.3627
vn -0.1246 -0.9841 0.1268
vn -0.2133 0.9526 0.2170
vn -0.2958 0.9066 0.3010
vn -0.3232 0.8874 0.3288
vn -0.4162 0.8047 0.4234
vn -0.5380 -0.6410 0.5474
vn -0.6347 -0.4243 0.6458
vn -0.5774 -0.5669 0.5875
vn -0.2249 -0.9471 0.2288
vn -0.2219 -0.9486 0.2258
vn -0.2201 -0.9494 0.2239
vn -0.2031 -0.9571 0.2067
vn -0.2419 0.9385 0.2462
vn 0.2563 0.9483 0.1872
vn 0.2537 0.9460 0.2018
vn 0.2522 0.9446 0.2102
vn 0.2054 -0.9485 0.2411
vn 0.2049 -0.9459 0.2515
vn 0.2264 -0.9471 0.2275
vn 0.2256 -0.9467 0.2297
vn 0.2293 -0.9462 0.2283
vn 0.5958 -0.5491 0.5860
vn 0.6399 -0.4408 0.6295
vn 0.5565 -0.6249 0.5475
vn 0.4210 0.8089 0.4104
vn 0.4217 0.8078 0.4120
vn 0.4220 0.8072 0.4128
vn 0.3264 0.8951 0.3039
vn 0.3270 0.8930 0.3091
vn 0.3274 0.8919 0.3119
vn 0.3086 0.9130 0.2668
vn 0.3066 0.9114 0.2745
vn 0.3054 0.9105 0.2789
vn 0.2434 0.9516 0.1878
vn 0.2365 0.9520 0.1944
vn 0.2324 0.9522 0.1984
vn 0.1171 -0.9830 0.1411
vn 0.1143 -0.9827 0.1457
vn 0.3630 -0.8559 0.3682
vn 0.3631 -0.8547 0.3711
vn 0.3759 -0.8476 0.3746
vn 0.3764 -0.8466 0.3763
vn -0.0010 1.0000 -0.0070
vn 0.0014 -1.0000 0.0037
vn 0.0012 -1.0000 0.0044
vn 0.0002 -1.0000 0.0005
vn -0.0005 -1.0000 -0.0002
vn -0.0037 -1.0000 -0.0013
vn -0.0044 -1.0000 -0.0011
vn 0.0070 1.0000 0.0009
vn -0.3828 -0.8466 -0.3698
vn -0.3811 -0.8476 -0.3693
vn -0.3773 -0.8547 -0.3566
vn -0.3745 -0.8559 -0.3566
vn -0.1477 -0.9827 -0.1118
vn -0.1431 -0.9830 -0.1146
vn -0.1920 0.9516 -0.2401
vn -0.2024 0.9522 -0.2290
vn -0.1985 0.9520 -0.2331
vn -0.2721 0.9130 -0.3039
vn -0.2841 0.9105 -0.3006
vn -0.2798 0.9114 -0.3018
vn -0.3095 0.8951 -0.3211
vn -0.3175 0.8919 -0.3220
vn -0.3147 0.8930 -0.3216
vn -0.4176 0.8089 -0.4139
vn -0.4200 0.8072 -0.4148
vn -0.4192 0.8078 -0.4145
vn -0.6404 -0.4408 -0.6289
vn -0.2592 -0.9319 -0.2538
vn -0.5963 -0.5491 -0.5856
vn -0.2322 -0.9462 -0.2253
vn -0.2315 -0.9471 -0.2224
vn -0.2336 -0.9467 -0.2216
vn -0.2550 -0.9459 -0.2006
vn -0.2446 -0.9485 -0.2011
vn -0.1916 0.9483 -0.2530
vn -0.2145 0.9446 -0.2485
vn -0.2061 0.9460 -0.2502
vn -0.0841 0.9964 -0.0054
vn -0.0904 0.9959 -0.0058
vn -0.4091 0.9125 0.0036
vn -0.3665 0.9222 -0.1234
vn -0.3579 0.9222 -0.1468
vn 0.0074 0.9959 0.0904
vn 0.0069 0.9964 0.0840
vn 0.2462 0.9385 0.2419
vn 0.2067 -0.9571 0.2031
vn 0.2258 -0.9486 0.2219
vn 0.2239 -0.9494 0.2201
vn 0.2288 -0.9471 0.2249
vn 0.5875 -0.5669 0.5774
vn 0.6458 -0.4243 0.6347
vn 0.5474 -0.6410 0.5380
vn 0.4234 0.8047 0.4162
vn 0.3288 0.8874 0.3232
vn 0.3010 0.9066 0.2958
vn 0.2170 0.9526 0.2133
vn 0.1268 -0.9841 0.1246
vn 0.3627 -0.8611 0.3564
vn 0.3738 -0.8517 0.3674
vn -0.3738 -0.8517 -0.3674
vn -0.3627 -0.8611 -0.3564
vn -0.1268 -0.9841 -0.1246
vn -0.2170 0.9526 -0.2133
vn -0.3010 0.9066 -0.2958
vn -0.3288 0.8874 -0.3232
vn -0.4234 0.8047 -0.4162
vn -0.2574 -0.9326 -0.2529
vn -0.6458 -0.4243 -0.6347
vn -0.5875 -0.5669 -0.5774
vn -0.2288 -0.9471 -0.2249
vn -0.2258 -0.9486 -0.2219
vn -0.2239 -0.9494 -0.2201
vn -0.2067 -0.9571 -0.2031
vn -0.2462 0.9385 -0.2419
vn 0.2979 0.9086 0.2928
vn -0.1530 0.9222 -0.3553
vn -0.1297 0.9222 -0.3643
vn -0.0035 0.9125 -0.4091
vn -0.2979 0.9086 -0.2928
vn -0.0071 0.9940 0.1095
vn 0.0036 0.9125 0.4091
vn 0.1530 0.9222 0.3553
vn 0.1297 0.9222 0.3643
vn 0.2928 0.9086 -0.2979
vn 0.1855 0.9644 -0.1887
vn 0.1884 0.9632 -0.1917
vn -0.2928 0.9086 0.2979
vn -0.1884 0.9632 0.1917
vn -0.1854 0.9644 0.1887
vn 0.8484 -0.1322 -0.5126
vn 0.9638 -0.2471 0.0997
vn 0.9730 -0.2183 0.0755
vn 0.9640 -0.2466 0.0993
vn -0.8571 -0.1322 -0.4979
vn -0.9715 -0.2183 0.0923
vn -0.9620 -0.2471 0.1164
vn -0.9621 -0.2467 0.1160
vn -0.4793 -0.1259 0.8685
vn 0.0923 -0.2183 0.9715
vn 0.1164 -0.2471 0.9620
vn 0.1160 -0.2467 0.9621
vn 0.5187 -0.1342 0.8444
vn -0.0997 -0.2471 0.9638
vn -0.0755 -0.2183 0.9730
vn -0.0993 -0.2466 0.9640
vn 0.9529 -0.2620 0.1528
vn 0.9529 -0.2621 0.1526
vn -0.9501 -0.2620 0.1693
vn -0.9501 -0.2621 0.1691
vn 0.1693 -0.2620 0.9501
vn 0.1691 -0.2621 0.9501
vn -0.1528 -0.2620 0.9529
vn -0.1526 -0.2621 0.9529
vn 0.9524 -0.2363 0.1926
vn -0.9489 -0.2363 0.2090
vn 0.2090 -0.2363 0.9489
vn -0.1926 -0.2363 0.9524
vn 0.7770 -0.1227 -0.6174
vn 0.8108 -0.1652 -0.5616
vn 0.7760 -0.1215 -0.6189
vn 0.1528 -0.2620 -0.9529
vn 0.0997 -0.2471 -0.9638
vn 0.0993 -0.2467 -0.9640
vn 0.1526 -0.2621 -0.9529
vn 0.1926 -0.2363 -0.9524
vn -0.5474 -0.1652 0.8204
vn -0.6038 -0.1227 0.7876
vn -0.6054 -0.1215 0.7866
vn 0.9501 -0.2620 -0.1693
vn 0.9489 -0.2363 -0.2090
vn 0.9501 -0.2621 -0.1690
vn 0.9620 -0.2471 -0.1164
vn 0.9621 -0.2467 -0.1160
vn 0.8647 -0.1281 0.4858
vn 0.9715 -0.2183 -0.0923
vn 0.0755 -0.2183 -0.9730
vn -0.4943 -0.1259 -0.8601
vn -0.8204 -0.1652 -0.5474
vn -0.7876 -0.1227 -0.6039
vn -0.7866 -0.1215 -0.6054
vn 0.5040 -0.1342 -0.8532
vn -0.0923 -0.2183 -0.9715
vn -0.1164 -0.2471 -0.9620
vn -0.1160 -0.2467 -0.9621
vn -0.9638 -0.2471 -0.0997
vn -0.9730 -0.2183 -0.0755
vn -0.9640 -0.2467 -0.0993
vn -0.8561 -0.1281 0.5007
vn -0.9529 -0.2620 -0.1528
vn -0.9529 -0.2621 -0.1526
vn -0.9524 -0.2363 -0.1926
vn 0.6174 -0.1227 0.7770
vn 0.5616 -0.1652 0.8108
vn 0.6189 -0.1215 0.7760
vn -0.1693 -0.2620 -0.9501
vn -0.2090 -0.2363 -0.9489
vn -0.1690 -0.2621 -0.9501
vn 0.5474 -0.1652 -0.8204
vn 0.6039 -0.1227 -0.7876
vn 0.6054 -0.1215 -0.7866
vn 0.7004 -0.0404 -0.7126
vn -0.6174 -0.1227 -0.7770
vn -0.5616 -0.1652 -0.8108
vn -0.6189 -0.1215 -0.7760
vn 0.8204 -0.1652 0.5474
vn 0.7876 -0.1227 0.6039
vn 0.7866 -0.1215 0.6054
vn -0.7126 -0.0404 -0.7004
vn 0.7126 -0.0404 0.7004
vn -0.7770 -0.1227 0.6174
vn -0.8108 -0.1652 0.5616
vn -0.7760 -0.1215 0.6189
vn -0.7004 -0.0404 0.7126
vn 0.8294 0.1695 0.5324
vn 0.8896 0.1705 0.4238
vn 0.8402 0.3659 0.4002
vn 0.7757 0.3872 0.4983
vn 0.8821 0.1705 -0.4391
vn 0.8200 0.1694 -0.5467
vn 0.7670 0.3872 -0.5116
vn 0.8331 0.3659 -0.4147
vn -0.8294 0.1695 -0.5324
vn -0.8896 0.1705 -0.4238
vn -0.8402 0.3659 -0.4002
vn -0.7757 0.3872 -0.4983
vn -0.8821 0.1705 0.4391
vn -0.8200 0.1694 0.5466
vn -0.7670 0.3872 0.5116
vn -0.8331 0.3659 0.4147
vn 0.7038 0.1620 0.6917
vn 0.6597 0.3800 0.6484
vn 0.5324 0.1695 -0.8294
vn 0.4238 0.1705 -0.8896
vn 0.4002 0.3659 -0.8402
vn 0.4983 0.3872 -0.7757
vn -0.4391 0.1705 -0.8821
vn -0.5466 0.1694 -0.8200
vn -0.5116 0.3872 -0.7670
vn -0.4147 0.3659 -0.8331
vn -0.7038 0.1620 -0.6917
vn -0.6597 0.3800 -0.6484
vn 0.4391 0.1705 0.8821
vn 0.5467 0.1694 0.8200
vn 0.5116 0.3872 0.7670
vn 0.4147 0.3659 0.8331
vn -0.5324 0.1695 0.8294
vn -0.4238 0.1705 0.8896
vn -0.4002 0.3659 0.8402
vn -0.4983 0.3872 0.7757
vn 0.6917 0.1620 -0.7038
vn 0.6484 0.3800 -0.6597
vn -0.6917 0.1620 0.7038
vn -0.6484 0.3800 0.6597
vn 0.9231 0.0710 0.3779
vn 0.8542 0.0385 0.5185
vn 0.8451 0.0385 -0.5332
vn 0.9164 0.0710 -0.3938
vn -0.9231 0.0710 -0.3779
vn -0.8542 0.0385 -0.5185
vn -0.8451 0.0385 0.5333
vn -0.9164 0.0710 0.3938
vn 0.7131 0.0117 0.7009
vn 0.3779 0.0710 -0.9231
vn 0.5185 0.0386 -0.8542
vn -0.5332 0.0386 -0.8451
vn -0.3938 0.0710 -0.9164
vn -0.7132 0.0117 -0.7009
vn 0.5332 0.0385 0.8451
vn 0.3938 0.0710 0.9164
vn -0.3779 0.0710 0.9231
vn -0.5185 0.0385 0.8542
vn 0.7009 0.0117 -0.7131
vn -0.7009 0.0117 0.7132
vn 0.9324 -0.1529 0.3274
vn 0.8589 -0.1691 0.4834
vn 0.8504 -0.1691 -0.4981
vn 0.9266 -0.1529 -0.3436
vn -0.9324 -0.1529 -0.3274
vn -0.8589 -0.1692 -0.4833
vn -0.8505 -0.1691 0.4981
vn -0.9266 -0.1529 0.3435
vn 0.7028 -0.1698 0.6908
vn 0.3275 -0.1530 -0.9324
vn 0.4834 -0.1691 -0.8589
vn -0.4981 -0.1692 -0.8504
vn -0.3435 -0.1529 -0.9266
vn -0.7028 -0.1698 -0.6908
vn 0.4982 -0.1691 0.8504
vn 0.3435 -0.1530 0.9266
vn -0.3274 -0.1529 0.9324
vn -0.4833 -0.1692 0.8589
vn 0.6908 -0.1698 -0.7029
vn -0.6908 -0.1698 0.7028
vn 0.9459 0.1137 0.3037
vn 0.8724 0.1168 0.4746
vn 0.8641 0.1168 -0.4896
vn 0.9405 0.1137 -0.3201
vn -0.9459 0.1137 -0.3037
vn -0.8724 0.1168 -0.4746
vn -0.8641 0.1168 0.4896
vn -0.9405 0.1137 0.3201
vn 0.7088 0.1115 0.6966
vn 0.3038 0.1137 -0.9459
vn 0.4746 0.1168 -0.8724
vn -0.4896 0.1168 -0.8641
vn -0.3201 0.1137 -0.9405
vn -0.7088 0.1115 -0.6966
vn 0.4896 0.1168 0.8641
vn 0.3201 0.1137 0.9405
vn -0.3037 0.1137 0.9459
vn -0.4746 0.1168 0.8724
vn 0.6966 0.1115 -0.7088
vn -0.6966 0.1115 0.7088
vn 0.8638 0.4234 0.2730
vn 0.7844 0.4491 0.4278
vn 0.7769 0.4491 -0.4413
vn 0.8590 0.4234 -0.2879
vn -0.8638 0.4234 -0.2730
vn -0.7844 0.4491 -0.4278
vn -0.7769 0.4491 0.4413
vn -0.8590 0.4233 0.2879
vn 0.6384 0.4458 0.6274
vn 0.2730 0.4234 -0.8638
vn 0.4278 0.4491 -0.7844
vn -0.4413 0.4491 -0.7769
vn -0.2879 0.4234 -0.8590
vn -0.6384 0.4458 -0.6274
vn 0.4413 0.4491 0.7769
vn 0.2879 0.4234 0.8590
vn -0.2730 0.4234 0.8638
vn -0.4278 0.4491 0.7844
vn 0.6274 0.4458 -0.6384
vn -0.6274 0.4459 0.6384
vn 0.6694 0.7094 0.2203
vn 0.5938 0.7340 0.3295
vn 0.5880 0.7340 -0.3398
vn 0.6655 0.7094 -0.2319
vn -0.6694 0.7095 -0.2203
vn -0.5938 0.7340 -0.3295
vn -0.5881 0.7340 0.3397
vn -0.6655 0.7095 0.2319
vn 0.4750 0.7459 0.4669
vn 0.2203 0.7094 -0.6694
vn 0.3295 0.7340 -0.5938
vn -0.3398 0.7340 -0.5880
vn -0.2319 0.7095 -0.6655
vn -0.4750 0.7459 -0.4669
vn 0.3398 0.7340 0.5880
vn 0.2319 0.7095 0.6655
vn -0.2203 0.7094 0.6694
vn -0.3295 0.7340 0.5938
vn 0.4669 0.7459 -0.4750
vn -0.4669 0.7459 0.4750
vn 0.7292 -0.1242 -0.6729
vn 0.9647 -0.2452 0.0957
vn 0.9705 -0.2265 0.0828
vn 0.9648 -0.2451 0.0956
vn -0.7408 -0.1242 -0.6602
vn -0.9689 -0.2265 0.0996
vn -0.9629 -0.2452 0.1124
vn 0.9493 -0.2895 0.1226
vn -0.9555 -0.2663 0.1268
vn 0.9566 -0.2335 0.1741
vn 0.9568 -0.2327 0.1745
vn -0.9443 -0.2905 0.1548
vn 0.9670 -0.1352 0.2160
vn -0.6464 -0.1207 0.7534
vn 0.0996 -0.2265 0.9689
vn 0.1124 -0.2452 0.9629
vn 0.1390 -0.2895 0.9470
vn 0.1391 -0.2896 0.9470
vn 0.1907 -0.2335 0.9535
vn 0.1910 -0.2327 0.9536
vn 0.2327 -0.1352 0.9631
vn 0.0957 -0.2452 -0.9647
vn 0.0828 -0.2265 -0.9705
vn -0.6594 -0.1207 -0.7421
vn 0.1236 -0.2778 -0.9526
vn 0.1385 -0.2905 -0.9468
vn 0.7197 -0.1373 0.6806
vn -0.0957 -0.2453 0.9647
vn -0.0828 -0.2265 0.9705
vn -0.1226 -0.2896 0.9493
vn -0.1741 -0.2335 0.9566
vn -0.1745 -0.2327 0.9568
vn -0.2160 -0.1352 0.9670
vn -0.1907 -0.2335 -0.9535
vn -0.2327 -0.1352 -0.9631
vn -0.1910 -0.2327 -0.9536
vn -0.1390 -0.2896 -0.9470
vn -0.1390 -0.2895 -0.9470
vn -0.1124 -0.2452 -0.9629
vn 0.7078 -0.1372 -0.6929
vn -0.0996 -0.2265 -0.9689
vn -0.9692 -0.1208 0.2146
vn 0.9535 -0.2335 -0.1907
vn 0.9631 -0.1352 -0.2327
vn 0.9536 -0.2327 -0.1910
vn 0.9470 -0.2895 -0.1390
vn 0.9470 -0.2896 -0.1391
vn 0.9629 -0.2453 -0.1124
vn 0.6965 -0.1363 0.7045
vn 0.9689 -0.2265 -0.0996
vn -0.9647 -0.2453 -0.0957
vn -0.9705 -0.2265 -0.0828
vn -0.9647 -0.2452 -0.0956
vn -0.6842 -0.1363 0.7164
vn -0.9493 -0.2896 -0.1226
vn -0.9566 -0.2335 -0.1741
vn -0.9568 -0.2327 -0.1745
vn -0.9670 -0.1352 -0.2160
vn 0.1978 -0.1208 -0.9728
vn -0.0760 -0.9732 -0.2170
vn -0.0019 -0.9759 -0.2183
vn 0.1798 0.9638 0.1969
vn 0.0017 0.9795 0.2017
vn 0.9803 -0.1495 0.1292
vn 0.0723 -0.9732 -0.2183
vn -0.9779 -0.1495 0.1461
vn -0.1764 0.9638 0.2000
vn -0.2170 -0.9762 0.0019
vn -0.2170 -0.9731 -0.0773
vn 0.0958 -0.1551 0.9832
vn 0.1987 0.9801 -0.0017
vn 0.1969 0.9628 0.1850
vn -0.2157 -0.9731 0.0811
vn 0.1936 0.9628 -0.1884
vn 0.0787 -0.1551 -0.9848
vn 0.2175 -0.9732 -0.0744
vn 0.2187 -0.9758 -0.0019
vn -0.1979 0.9641 0.1771
vn -0.2026 0.9793 0.0018
vn -0.1461 -0.1475 0.9782
vn 0.2187 -0.9732 0.0707
vn -0.1630 -0.1475 -0.9755
vn -0.2010 0.9641 -0.1736
vn 0.0019 -0.9761 0.2175
vn -0.0756 -0.9731 0.2175
vn 0.9817 -0.1533 -0.1130
vn -0.0017 0.9798 -0.1998
vn 0.1820 0.9632 -0.1980
vn 0.0793 -0.9731 0.2162
vn -0.1854 0.9632 -0.1948
vn -0.9835 -0.1533 -0.0960
vn 0.1854 0.9644 -0.1887
vn -0.0008 -0.9954 -0.0958
vn -0.0310 -0.9950 -0.0955
vn 0.2931 0.9542 -0.0603
vn -0.0005 0.9982 -0.0604
vn 0.9559 -0.1832 -0.2294
vn 0.0293 -0.9950 -0.0960
vn -0.9598 -0.1832 -0.2128
vn -0.2941 0.9542 -0.0552
vn -0.0954 -0.9950 -0.0306
vn -0.0952 -0.9955 0.0008
vn -0.2361 -0.1835 0.9542
vn -0.0665 0.9978 0.0006
vn -0.0607 0.9508 0.3036
vn -0.0949 -0.9950 0.0323
vn -0.0660 0.9508 -0.3026
vn -0.2526 -0.1835 -0.9500
vn 0.0978 -0.9952 -0.0008
vn 0.0975 -0.9949 -0.0266
vn 0.0408 0.9646 0.2607
vn 0.0399 0.9992 -0.0003
vn 0.1338 -0.1801 0.9745
vn 0.0980 -0.9949 0.0249
vn 0.1169 -0.1801 -0.9767
vn 0.0363 0.9646 -0.2614
vn -0.0252 -0.9949 0.0979
vn 0.0008 -0.9952 0.0977
vn 0.9757 -0.1804 0.1245
vn 0.0004 0.9991 0.0413
vn 0.2637 0.9639 0.0376
vn 0.0269 -0.9949 0.0974
vn -0.2630 0.9639 0.0421
vn -0.9734 -0.1804 0.1414
vn 0.3164 0.8923 -0.3219
vn -0.3219 0.8923 -0.3164
vn -0.3164 0.8923 0.3219
vn 0.3219 0.8923 0.3164
vn 0.7009 -0.0000 -0.7132
vn -0.4164 -0.8045 0.4237
vn -0.4237 -0.8044 -0.4164
vn 0.4164 -0.8044 -0.4237
vn 0.4237 -0.8044 0.4164
vn -0.6373 0.4164 0.6484
vn -0.6484 0.4164 -0.6373
vn 0.6373 0.4164 -0.6484
vn 0.6484 0.4164 0.6373
vn -0.6721 0.2838 0.6839
vn -0.6839 0.2838 -0.6721
vn 0.6721 0.2838 -0.6839
vn 0.6839 0.2838 0.6721
vn -0.6289 -0.4416 0.6399
vn -0.6399 -0.4416 -0.6289
vn 0.6289 -0.4416 -0.6399
vn 0.6399 -0.4416 0.6289
vn -0.4135 -0.8075 0.4207
vn -0.4207 -0.8075 -0.4135
vn 0.4135 -0.8075 -0.4207
vn 0.4207 -0.8075 0.4135
vn -0.3115 -0.8958 0.3169
vn -0.3169 -0.8958 -0.3115
vn 0.3115 -0.8958 -0.3169
vn 0.3169 -0.8958 0.3115
vn -0.1622 0.9729 0.1650
vn -0.1650 0.9729 -0.1622
vn 0.1622 0.9729 -0.1650
vn 0.1650 0.9729 0.1622
vn 0.1651 0.9729 0.1622
vn -0.4811 0.7273 0.4895
vn -0.4895 0.7273 -0.4811
vn 0.4811 0.7273 -0.4895
vn 0.4896 0.7273 0.4810
vn 0.4895 0.7273 0.4811
vn -0.5222 -0.6671 0.5313
vn -0.5313 -0.6671 -0.5222
vn 0.5222 -0.6671 -0.5313
vn 0.5221 -0.6671 -0.5314
vn 0.5313 -0.6671 0.5222
vn 0.5314 -0.6671 0.5221
vn -0.2345 -0.9424 0.2386
vn -0.2386 -0.9424 -0.2345
vn 0.2345 -0.9424 -0.2386
vn 0.2386 -0.9424 0.2345
vn -0.3482 -0.8679 0.3543
vn -0.3543 -0.8679 -0.3482
vn 0.3482 -0.8679 -0.3543
vn 0.3543 -0.8679 0.3482
vn 0.0990 -0.8151 0.5707
vn 0.5724 -0.8152 0.0891
vn 0.9071 -0.3376 -0.2515
vn 0.9071 0.3377 -0.2515
vn 0.5723 0.8152 0.0890
vn 0.0990 0.8152 0.5707
vn -0.2357 0.3376 0.9113
vn -0.2357 -0.3376 0.9113
vn 0.5724 0.8152 0.0891
vn -0.2357 0.3377 0.9113
vn -0.2358 -0.3377 0.9113
vn 0.0989 -0.8152 0.5707
vn 0.5723 -0.8152 0.0890
vn 0.9071 0.3376 -0.2515
vn -0.0990 0.8152 -0.5707
vn -0.5724 0.8151 -0.0891
vn -0.9071 0.3377 0.2515
vn -0.9070 -0.3377 0.2515
vn -0.5723 -0.8152 -0.0891
vn -0.0989 -0.8152 -0.5707
vn 0.2357 -0.3377 -0.9113
vn 0.2357 0.3376 -0.9113
vn -0.5724 -0.8151 -0.0891
vn -0.0990 -0.8152 -0.5707
vn 0.2358 0.3377 -0.9113
vn -0.0989 0.8152 -0.5707
vn -0.5723 0.8152 -0.0891
vn -0.9071 -0.3376 0.2515
vt 0.922634 0.272987
vt 0.922634 0.258314
vt 0.937307 0.258315
vt 0.937306 0.272988
vt 0.464309 0.000000
vt 0.479425 0.012999
vt 0.469194 0.046038
vt 0.451510 0.015114
vt 0.937306 0.287660
vt 0.922633 0.287660
vt 0.853088 0.217655
vt 0.836683 0.220458
vt 0.834354 0.206306
vt 0.846514 0.206165
vt 0.835868 0.191801
vt 0.852491 0.194154
vt 0.863418 0.205492
vt 0.922635 0.243642
vt 0.694202 0.258307
vt 0.694454 0.243634
vt 0.693783 0.272980
vt 0.694201 0.287652
vt 0.922633 0.302333
vt 0.694452 0.302325
vt 0.912675 0.000127
vt 0.927347 0.000007
vt 0.927467 0.014679
vt 0.912795 0.014799
vt 0.622383 0.415589
vt 0.597513 0.390274
vt 0.631280 0.401027
vt 0.639179 0.415125
vt 0.898003 0.000247
vt 0.898123 0.014919
vt 0.853008 0.027645
vt 0.864349 0.016719
vt 0.876509 0.027052
vt 0.865018 0.033624
vt 0.879308 0.043457
vt 0.865156 0.045784
vt 0.850651 0.044267
vt 0.942139 0.014559
vt 0.944007 0.242731
vt 0.929337 0.243103
vt 0.883450 0.015039
vt 0.899992 0.243343
vt 0.885318 0.243212
vt 0.914668 0.243642
vt 0.953059 0.471139
vt 0.967731 0.471137
vt 0.967734 0.485810
vt 0.953061 0.485812
vt 0.617573 0.098014
vt 0.633812 0.097889
vt 0.625934 0.112399
vt 0.594751 0.125994
vt 0.982406 0.485808
vt 0.982404 0.471135
vt 0.659670 0.177837
vt 0.673822 0.175511
vt 0.673961 0.187671
vt 0.662470 0.194243
vt 0.685971 0.193650
vt 0.674631 0.204576
vt 0.688328 0.177028
vt 0.967699 0.242286
vt 0.982372 0.242703
vt 0.953027 0.242707
vt 0.938386 0.471141
vt 0.938354 0.242961
vt 0.997077 0.471133
vt 0.997045 0.242952
vt 0.239580 0.940370
vt 0.239580 0.925698
vt 0.254253 0.925698
vt 0.254253 0.940371
vt 0.641128 0.258834
vt 0.675304 0.248909
vt 0.689097 0.256828
vt 0.674694 0.265605
vt 0.239580 0.911025
vt 0.254253 0.911025
vt 0.703110 0.029496
vt 0.686487 0.027145
vt 0.692462 0.015133
vt 0.704622 0.014991
vt 0.685886 0.003645
vt 0.702291 0.000840
vt 0.675557 0.015808
vt 0.482685 0.911027
vt 0.483103 0.925700
vt 0.254253 0.896352
vt 0.482433 0.896354
vt 0.254252 0.955043
vt 0.482685 0.940373
vt 0.482433 0.955045
vt 0.000000 0.000007
vt 0.509109 0.014696
vt 0.509107 0.000023
vt 0.641162 0.000007
vt 0.641164 0.014680
vt 0.509111 0.029369
vt 0.641166 0.029352
vt 0.496081 0.505911
vt 0.483330 0.472540
vt 0.972691 0.132064
vt 0.958018 0.132063
vt 0.958029 0.000008
vt 0.972702 0.000009
vt 0.943345 0.132062
vt 0.943357 0.000007
vt 0.673743 0.169521
vt 0.688551 0.170101
vt 0.659175 0.170668
vt 0.703136 0.176907
vt 0.703212 0.170257
vt 0.835743 0.176994
vt 0.828942 0.191579
vt 0.829097 0.176918
vt 0.828364 0.206387
vt 0.829513 0.220954
vt 0.880117 0.177113
vt 0.865406 0.177199
vt 0.865342 0.170560
vt 0.880072 0.170488
vt 0.850485 0.176988
vt 0.850467 0.170370
vt 0.835746 0.170349
vt 0.836040 0.014723
vt 0.835832 0.029645
vt 0.829215 0.029665
vt 0.829401 0.014789
vt 0.835844 0.044387
vt 0.829197 0.044388
vt 0.835951 0.000012
vt 0.829327 0.000059
vt 0.182908 0.240594
vt 0.175910 0.239225
vt 0.174369 0.232254
vt 0.187985 0.226917
vt 0.829111 0.170317
vt 0.494739 0.255745
vt 0.452290 0.257858
vt 0.423521 0.203937
vt 0.475987 0.218118
vt 0.825570 0.526973
vt 0.831928 0.526899
vt 0.840707 0.535614
vt 0.833300 0.536093
vt 0.831968 0.520552
vt 0.841133 0.528206
vt 0.831398 0.396013
vt 0.825051 0.395974
vt 0.832706 0.386809
vt 0.840113 0.387234
vt 0.700968 0.521070
vt 0.701042 0.527429
vt 0.692327 0.536208
vt 0.691848 0.528801
vt 0.849720 0.544557
vt 0.841285 0.545040
vt 0.850137 0.536119
vt 0.840619 0.377804
vt 0.849057 0.378221
vt 0.683384 0.545221
vt 0.682901 0.536785
vt 0.882747 0.577318
vt 0.871353 0.577487
vt 0.882823 0.565923
vt 0.870422 0.345118
vt 0.881817 0.345194
vt 0.650624 0.578247
vt 0.650455 0.566853
vt 0.405675 0.700158
vt 0.397591 0.694374
vt 0.410771 0.681239
vt 0.421786 0.684376
vt 0.391834 0.686271
vt 0.407672 0.670212
vt 0.397672 0.460106
vt 0.405820 0.454434
vt 0.421888 0.470271
vt 0.410855 0.473356
vt 0.637635 0.686594
vt 0.631536 0.694523
vt 0.618658 0.681522
vt 0.621852 0.670526
vt 0.425585 0.666486
vt 0.435596 0.668783
vt 0.423312 0.656472
vt 0.435636 0.485920
vt 0.425608 0.488173
vt 0.603942 0.666665
vt 0.606343 0.656645
vt 0.447942 0.655378
vt 0.439416 0.653109
vt 0.437355 0.643964
vt 0.447930 0.499388
vt 0.439380 0.501607
vt 0.590260 0.652852
vt 0.593036 0.644197
vt 0.452379 0.639899
vt 0.458759 0.640218
vt 0.452179 0.633546
vt 0.458575 0.514726
vt 0.452201 0.514951
vt 0.577483 0.639874
vt 0.577807 0.633482
vt 0.968846 0.826770
vt 0.968731 0.821046
vt 0.977317 0.812490
vt 0.978709 0.817850
vt 0.963104 0.820827
vt 0.971986 0.811054
vt 0.847862 0.820776
vt 0.847643 0.826403
vt 0.837870 0.817520
vt 0.839307 0.812189
vt 0.962733 0.942029
vt 0.968456 0.941914
vt 0.977011 0.950502
vt 0.971651 0.951893
vt 0.978054 0.965528
vt 0.985897 0.959437
vt 0.830422 0.803253
vt 0.824277 0.811050
vt 0.986252 0.803604
vt 0.978454 0.797460
vt 0.992344 0.811447
vt 0.134049 0.509095
vt 0.127059 0.509198
vt 0.113271 0.495611
vt 0.121690 0.495297
vt 0.127026 0.516156
vt 0.113075 0.504027
vt 0.128136 0.650327
vt 0.135094 0.650360
vt 0.122965 0.664311
vt 0.114550 0.664114
vt 0.268291 0.515111
vt 0.268188 0.508121
vt 0.281774 0.494333
vt 0.282089 0.502752
vt 0.096434 0.479023
vt 0.106500 0.478627
vt 0.096187 0.489093
vt 0.108031 0.681199
vt 0.097962 0.680952
vt 0.298362 0.477496
vt 0.298759 0.487562
vt 0.079390 0.462234
vt 0.091174 0.461842
vt 0.079174 0.474023
vt 0.092961 0.698211
vt 0.081172 0.697996
vt 0.315152 0.460451
vt 0.315544 0.472236
vt 0.035219 0.418726
vt 0.051289 0.418302
vt 0.035038 0.434801
vt 0.053739 0.742348
vt 0.037664 0.742167
vt 0.358660 0.416280
vt 0.359084 0.432351
vt 0.043794 0.398344
vt 0.031276 0.387499
vt 0.081550 0.336041
vt 0.096120 0.341326
vt 0.020138 0.375244
vt 0.075908 0.321609
vt 0.032127 0.030654
vt 0.044852 0.020166
vt 0.096647 0.077755
vt 0.082024 0.082891
vt 0.390231 0.375299
vt 0.378969 0.387476
vt 0.329002 0.335861
vt 0.334692 0.321445
vt 0.137148 0.279004
vt 0.147239 0.284606
vt 0.131288 0.269061
vt 0.147246 0.134907
vt 0.137112 0.140431
vt 0.273535 0.278704
vt 0.279407 0.268755
vt 0.182602 0.179096
vt 0.175621 0.180454
vt 0.234733 0.239016
vt 0.236255 0.232007
vt 0.242709 0.859005
vt 0.211933 0.859008
vt 0.166992 0.803813
vt 0.227725 0.803806
vt 0.251882 0.896352
vt 0.239444 0.896353
vt 0.197640 0.235131
vt 0.198326 0.230392
vt 0.650731 0.806690
vt 0.650735 0.775913
vt 0.688080 0.803423
vt 0.688079 0.815862
vt 0.595532 0.791705
vt 0.595539 0.730973
vt 0.534073 0.774394
vt 0.536514 0.678780
vt 0.161834 0.459834
vt 0.148322 0.416748
vt 0.167073 0.477042
vt 0.172223 0.494340
vt 0.176377 0.508681
vt 0.980533 0.859549
vt 0.997753 0.858434
vt 0.969011 0.862773
vt 0.496664 0.649141
vt 0.460518 0.649378
vt 0.496585 0.640002
vt 0.048794 0.145975
vt 0.048861 0.104129
vt 0.059682 0.112037
vt 0.059735 0.148607
vt 0.034150 0.142084
vt 0.034544 0.092439
vt 0.017857 0.137657
vt 0.018677 0.079132
vt 0.000023 0.132524
vt 0.001104 0.063758
vt 0.791374 0.546081
vt 0.801677 0.578803
vt 0.788782 0.536800
vt 0.786265 0.527268
vt 0.789183 0.206440
vt 0.789301 0.221289
vt 0.789182 0.191664
vt 0.789243 0.176936
vt 0.789267 0.170309
vt 0.789494 0.029596
vt 0.789468 0.044339
vt 0.789559 0.014847
vt 0.789535 0.000111
vt 0.788218 0.386486
vt 0.785781 0.396049
vt 0.790732 0.377181
vt 0.800772 0.344374
vt 0.682832 0.919046
vt 0.624308 0.919874
vt 0.608932 0.902303
vt 0.677697 0.901213
vt 0.687261 0.935339
vt 0.637617 0.935739
vt 0.691154 0.949982
vt 0.649309 0.950054
vt 0.693788 0.960923
vt 0.657218 0.960874
vt 0.496136 0.514907
vt 0.460474 0.505419
vt 0.496179 0.505921
vt 0.847374 0.862470
vt 0.835879 0.859176
vt 0.818564 0.858004
vt 0.173493 0.664492
vt 0.177426 0.650075
vt 0.168611 0.681868
vt 0.163636 0.699152
vt 0.150780 0.742437
vt 0.114799 0.744789
vt 0.210413 0.742347
vt 0.131177 0.150333
vt 0.076245 0.097274
vt 0.174072 0.187442
vt 0.187693 0.192780
vt 0.197270 0.184531
vt 0.197984 0.189260
vt 0.272525 0.140161
vt 0.278459 0.150057
vt 0.235647 0.187216
vt 0.234077 0.180256
vt 0.327671 0.082679
vt 0.333425 0.097069
vt 0.377668 0.030679
vt 0.388762 0.042912
vt 0.316934 0.696214
vt 0.317150 0.684425
vt 0.361286 0.723647
vt 0.361106 0.739722
vt 0.299890 0.679424
vt 0.300137 0.669355
vt 0.283053 0.662836
vt 0.283249 0.654421
vt 0.269265 0.649250
vt 0.269298 0.642291
vt 0.830067 0.959083
vt 0.839003 0.950198
vt 0.844333 0.951634
vt 0.837864 0.965228
vt 0.847590 0.941642
vt 0.853217 0.941862
vt 0.590114 0.501878
vt 0.592832 0.510539
vt 0.577412 0.521096
vt 0.577193 0.514720
vt 0.603861 0.488123
vt 0.606215 0.498149
vt 0.618645 0.473328
vt 0.621788 0.484336
vt 0.631595 0.460369
vt 0.637637 0.468331
vt 0.682720 0.378884
vt 0.682304 0.387322
vt 0.649617 0.357519
vt 0.649694 0.346124
vt 0.691733 0.387828
vt 0.691308 0.395235
vt 0.700512 0.396543
vt 0.700473 0.402889
vt 0.673638 0.050735
vt 0.658908 0.050806
vt 0.658862 0.044182
vt 0.673574 0.044096
vt 0.688513 0.050925
vt 0.688495 0.044307
vt 0.703235 0.050947
vt 0.703237 0.044302
vt 0.829166 0.051022
vt 0.789455 0.050973
vt 0.835768 0.051038
vt 0.850428 0.051194
vt 0.865235 0.051774
vt 0.879803 0.050627
vt 0.840593 0.394641
vt 0.831473 0.402372
vt 0.849540 0.386656
vt 0.881986 0.356588
vt 0.407715 0.484372
vt 0.391959 0.468225
vt 0.423291 0.498180
vt 0.437260 0.510749
vt 0.451907 0.521316
vt 0.844668 0.810797
vt 0.853586 0.820661
vt 0.838264 0.797163
vt 0.114235 0.655696
vt 0.128033 0.643337
vt 0.097566 0.670886
vt 0.080780 0.686211
vt 0.037240 0.726097
vt 0.021071 0.042893
vt 0.416687 0.776731
vt 0.416690 0.745955
vt 0.471896 0.701027
vt 0.471889 0.761759
vt 0.379338 0.785895
vt 0.379339 0.773456
vt 0.184337 0.216705
vt 0.179555 0.217453
vt 0.202252 0.098635
vt 0.206917 0.096272
vt 0.209229 0.101714
vt 0.205385 0.101695
vt 0.154014 0.850508
vt 0.116667 0.841336
vt 0.116670 0.810560
vt 0.154015 0.838069
vt 0.061468 0.826353
vt 0.061473 0.765621
vt 0.000008 0.809043
vt 0.002447 0.713429
vt 0.317552 0.542895
vt 0.360638 0.529384
vt 0.300344 0.548135
vt 0.283046 0.553284
vt 0.268705 0.557439
vt 0.929956 0.953717
vt 0.931071 0.970937
vt 0.926733 0.942194
vt 0.586646 0.595476
vt 0.586968 0.631655
vt 0.577508 0.595639
vt 0.365319 0.182700
vt 0.365241 0.224546
vt 0.354422 0.216635
vt 0.354378 0.180065
vt 0.379961 0.186595
vt 0.379555 0.236239
vt 0.396254 0.191026
vt 0.395418 0.249550
vt 0.414086 0.196164
vt 0.412987 0.264929
vt 0.681860 0.486874
vt 0.649138 0.497178
vt 0.691141 0.484282
vt 0.700673 0.481765
vt 0.673694 0.130339
vt 0.658844 0.130454
vt 0.688470 0.130342
vt 0.703200 0.130402
vt 0.829159 0.130612
vt 0.789353 0.130552
vt 0.835794 0.130626
vt 0.850538 0.130653
vt 0.865287 0.130719
vt 0.880022 0.130697
vt 0.841455 0.483718
vt 0.831892 0.481282
vt 0.850760 0.486233
vt 0.883568 0.496272
vt 0.138785 0.017865
vt 0.080261 0.018688
vt 0.064886 0.001116
vt 0.133651 0.000031
vt 0.143213 0.034159
vt 0.093569 0.034554
vt 0.147105 0.048802
vt 0.105259 0.048870
vt 0.149737 0.059743
vt 0.113168 0.059691
vt 0.452357 0.595984
vt 0.442869 0.631713
vt 0.443371 0.595984
vt 0.927036 0.820558
vt 0.930329 0.809064
vt 0.931500 0.791749
vt 0.112894 0.554555
vt 0.127311 0.558488
vt 0.095518 0.549673
vt 0.078234 0.544698
vt 0.034949 0.531842
vt 0.530933 0.648847
vt 0.533352 0.744461
vt 0.366442 0.398341
vt 0.314420 0.341103
vt 0.303363 0.460236
vt 0.342585 0.416100
vt 0.288293 0.477249
vt 0.273359 0.494137
vt 0.261230 0.508087
vt 0.978448 0.945171
vt 0.992042 0.951641
vt 0.968676 0.936287
vt 0.581574 0.655530
vt 0.571099 0.640070
vt 0.593898 0.668969
vt 0.607632 0.684611
vt 0.623551 0.700546
vt 0.691822 0.545637
vt 0.662019 0.578324
vt 0.699735 0.536633
vt 0.707389 0.527468
vt 0.709580 0.206507
vt 0.709656 0.221237
vt 0.703032 0.221285
vt 0.702941 0.206573
vt 0.709766 0.191630
vt 0.703148 0.191651
vt 0.709782 0.176906
vt 0.709812 0.170273
vt 0.709828 0.130427
vt 0.709882 0.044377
vt 0.709869 0.050978
vt 0.710036 0.029717
vt 0.710612 0.014910
vt 0.709460 0.000343
vt 0.699140 0.387348
vt 0.706871 0.396468
vt 0.691156 0.378401
vt 0.661088 0.345955
vt 0.607635 0.470194
vt 0.623628 0.454332
vt 0.593835 0.485773
vt 0.581459 0.499148
vt 0.570812 0.514431
vt 0.837611 0.944837
vt 0.847475 0.935919
vt 0.823977 0.951240
vt 0.274634 0.663151
vt 0.262275 0.649353
vt 0.289824 0.679820
vt 0.305150 0.696606
vt 0.345035 0.740146
vt 0.313057 0.077514
vt 0.365002 0.020078
vt 0.262393 0.134641
vt 0.227091 0.178941
vt 0.222101 0.192690
vt 0.230750 0.217282
vt 0.222493 0.226831
vt 0.225933 0.216584
vt 0.227733 0.240443
vt 0.263436 0.284309
vt 0.212927 0.235096
vt 0.212184 0.230360
vt 0.650725 0.868242
vt 0.650728 0.837466
vt 0.688077 0.828301
vt 0.688076 0.840740
vt 0.595519 0.913170
vt 0.595526 0.852438
vt 0.536484 0.965351
vt 0.534063 0.869737
vt 0.232688 0.459296
vt 0.245544 0.416011
vt 0.227713 0.476580
vt 0.222831 0.493955
vt 0.218898 0.508372
vt 0.980440 0.903515
vt 0.997755 0.904688
vt 0.968946 0.900221
vt 0.569137 0.649380
vt 0.533422 0.648820
vt 0.533498 0.639836
vt 0.048870 0.229664
vt 0.048797 0.187818
vt 0.059737 0.185185
vt 0.059690 0.221754
vt 0.034554 0.241356
vt 0.034154 0.191712
vt 0.018689 0.254665
vt 0.017861 0.196141
vt 0.001119 0.270042
vt 0.000028 0.201277
vt 0.741708 0.546261
vt 0.731669 0.579068
vt 0.744223 0.536955
vt 0.746659 0.527392
vt 0.749421 0.206448
vt 0.749448 0.221183
vt 0.749486 0.191695
vt 0.749510 0.176953
vt 0.749524 0.170318
vt 0.749580 0.130509
vt 0.749738 0.044356
vt 0.749714 0.050982
vt 0.749798 0.029625
vt 0.749794 0.014851
vt 0.749672 0.000007
vt 0.743658 0.386641
vt 0.746176 0.396173
vt 0.741067 0.377360
vt 0.730763 0.344638
vt 0.799841 0.919865
vt 0.741317 0.919043
vt 0.746450 0.901210
vt 0.815215 0.902292
vt 0.786534 0.935731
vt 0.736889 0.935337
vt 0.774844 0.950048
vt 0.732998 0.949980
vt 0.766935 0.960869
vt 0.730366 0.960921
vt 0.533010 0.514698
vt 0.532898 0.505559
vt 0.568995 0.505268
vt 0.835787 0.903142
vt 0.847310 0.899919
vt 0.818567 0.904257
vt 0.224101 0.664108
vt 0.219947 0.649767
vt 0.229251 0.681406
vt 0.234491 0.698613
vt 0.248002 0.741700
vt 0.349190 0.803792
vt 0.288457 0.803799
vt 0.305755 0.742336
vt 0.401370 0.744756
vt 0.304262 0.858998
vt 0.273485 0.859001
vt 0.276760 0.896349
vt 0.264321 0.896351
vt 0.205287 0.234755
vt 0.205256 0.230338
vt 0.650730 0.822078
vt 0.688078 0.822082
vt 0.595529 0.822072
vt 0.534068 0.822065
vt 0.197260 0.459426
vt 0.196931 0.416001
vt 0.197392 0.476759
vt 0.197526 0.494153
vt 0.197636 0.508524
vt 0.980499 0.881525
vt 0.997549 0.881573
vt 0.968990 0.881482
vt 0.515056 0.649040
vt 0.515051 0.639916
vt 0.048799 0.166897
vt 0.059738 0.166896
vt 0.034153 0.166898
vt 0.017853 0.166899
vt 0.000000 0.166900
vt 0.766538 0.546183
vt 0.766664 0.579079
vt 0.766501 0.536856
vt 0.766464 0.527333
vt 0.769368 0.221208
vt 0.769330 0.206463
vt 0.769337 0.191710
vt 0.769369 0.176958
vt 0.769386 0.170322
vt 0.769462 0.130533
vt 0.769591 0.050971
vt 0.769607 0.044336
vt 0.769641 0.029586
vt 0.769653 0.014822
vt 0.769616 0.000068
vt 0.765940 0.386585
vt 0.765977 0.396108
vt 0.765903 0.377258
vt 0.765777 0.344362
vt 0.712074 0.919039
vt 0.712074 0.901186
vt 0.712075 0.935339
vt 0.712076 0.949985
vt 0.712077 0.960924
vt 0.514563 0.514806
vt 0.514526 0.505681
vt 0.847330 0.881209
vt 0.835821 0.881167
vt 0.818771 0.881119
vt 0.198798 0.664295
vt 0.198688 0.649923
vt 0.198932 0.681688
vt 0.199064 0.699022
vt 0.199393 0.742447
vt 0.258091 0.803802
vt 0.258084 0.742341
vt 0.258097 0.859003
vt 0.258102 0.896351
vt 0.061457 0.947818
vt 0.061462 0.887086
vt 0.116664 0.872112
vt 0.116662 0.902888
vt 0.002423 1.000000
vt 0.000000 0.904386
vt 0.318090 0.613750
vt 0.361375 0.626606
vt 0.300806 0.608774
vt 0.283430 0.603892
vt 0.269013 0.599960
vt 0.885990 0.953625
vt 0.884818 0.970940
vt 0.889284 0.942131
vt 0.586738 0.522984
vt 0.586249 0.558697
vt 0.577266 0.558705
vt 0.365264 0.099011
vt 0.365326 0.140857
vt 0.354385 0.143487
vt 0.354442 0.106918
vt 0.379582 0.087323
vt 0.379970 0.136967
vt 0.395451 0.074017
vt 0.396264 0.132542
vt 0.413025 0.058645
vt 0.414099 0.127411
vt 0.681680 0.437209
vt 0.648873 0.427169
vt 0.690986 0.439723
vt 0.700549 0.442160
vt 0.673691 0.090575
vt 0.658956 0.090598
vt 0.688444 0.090642
vt 0.703185 0.090669
vt 0.709821 0.090682
vt 0.749627 0.090740
vt 0.789400 0.090784
vt 0.769518 0.090760
vt 0.829153 0.090866
vt 0.835780 0.090891
vt 0.850511 0.090956
vt 0.865286 0.090955
vt 0.880130 0.090837
vt 0.841300 0.439159
vt 0.831768 0.441676
vt 0.850581 0.436567
vt 0.883303 0.426264
vt 0.255794 0.018692
vt 0.197270 0.017866
vt 0.202404 0.000033
vt 0.271170 0.001121
vt 0.242485 0.034558
vt 0.192841 0.034160
vt 0.230794 0.048873
vt 0.188948 0.048803
vt 0.222885 0.059694
vt 0.186316 0.059743
vt 0.452157 0.559088
vt 0.443019 0.559240
vt 0.442756 0.523082
vt 0.886363 0.808973
vt 0.889586 0.820495
vt 0.885247 0.791753
vt 0.113278 0.605163
vt 0.127619 0.601009
vt 0.095980 0.610313
vt 0.078772 0.615552
vt 0.035686 0.629064
vt 0.471875 0.883224
vt 0.471882 0.822491
vt 0.533341 0.839804
vt 0.530899 0.935418
vt 0.416679 0.838283
vt 0.416683 0.807507
vt 0.379335 0.810772
vt 0.379336 0.798334
vt 0.184211 0.202983
vt 0.179390 0.202255
vt 0.217952 0.090746
vt 0.212145 0.089726
vt 0.213375 0.084643
vt 0.217066 0.087004
vt 0.230518 0.202072
vt 0.225759 0.202857
vt 0.154013 0.862947
vt 0.154012 0.875386
vt 0.061465 0.856720
vt 0.116666 0.856724
vt 0.000004 0.856714
vt 0.317960 0.578322
vt 0.361385 0.577993
vt 0.300626 0.578454
vt 0.283233 0.578588
vt 0.268862 0.578698
vt 0.907981 0.953683
vt 0.907933 0.970733
vt 0.908024 0.942174
vt 0.586508 0.577073
vt 0.577383 0.577161
vt 0.365319 0.161778
vt 0.354380 0.161776
vt 0.379965 0.161781
vt 0.396265 0.161784
vt 0.414118 0.161787
vt 0.681758 0.462038
vt 0.648862 0.462165
vt 0.691085 0.462001
vt 0.700608 0.461964
vt 0.658928 0.110519
vt 0.673673 0.110484
vt 0.688425 0.110493
vt 0.703247 0.110530
vt 0.709816 0.110547
vt 0.749602 0.110620
vt 0.769490 0.110646
vt 0.789378 0.110672
vt 0.829164 0.110748
vt 0.835913 0.110766
vt 0.850547 0.110796
vt 0.865312 0.110812
vt 0.880066 0.110779
vt 0.841356 0.461441
vt 0.831833 0.461477
vt 0.850683 0.461404
vt 0.883579 0.461277
vt 0.168028 0.017860
vt 0.168028 0.000007
vt 0.168027 0.034160
vt 0.168027 0.048806
vt 0.168027 0.059745
vt 0.452260 0.577545
vt 0.443135 0.577624
vt 0.908296 0.820515
vt 0.908338 0.809007
vt 0.908385 0.791956
vt 0.113091 0.579860
vt 0.127463 0.579750
vt 0.095698 0.579993
vt 0.078364 0.580126
vt 0.034939 0.580455
vt 0.471886 0.792125
vt 0.533347 0.792133
vt 0.416685 0.792119
vt 0.379337 0.792114
vt 0.184309 0.209841
vt 0.179794 0.209838
vt 0.209679 0.095689
vt 0.211507 0.101140
vt 0.230296 0.209699
vt 0.225810 0.209724
vt 0.154014 0.856727
vt 0.207028 0.083596
vt 0.205366 0.089695
vt 0.199806 0.092690
vt 0.200196 0.085585
vt 0.210427 0.084039
vt 0.208738 0.089426
vt 0.211790 0.189224
vt 0.212462 0.184487
vt 0.216931 0.098885
vt 0.213754 0.100620
vt 0.212505 0.095365
vt 0.217899 0.095396
vt 0.205902 0.093061
vt 0.201005 0.095901
vt 0.209008 0.092579
vt 0.217899 0.093091
vt 0.212143 0.092515
vt 0.204864 0.184877
vt 0.204887 0.189281
vt 0.026524 0.411891
vt 0.014911 0.404261
vt 0.024022 0.394928
vt 0.034817 0.401829
vt 0.109973 0.355326
vt 0.044175 0.418474
vt 0.007006 0.392837
vt 0.016866 0.384302
vt 0.000000 0.375349
vt 0.061533 0.308025
vt 0.016256 0.014051
vt 0.027302 0.006661
vt 0.035775 0.016855
vt 0.025227 0.023435
vt 0.045528 0.000117
vt 0.110731 0.063873
vt 0.403371 0.392806
vt 0.395378 0.404413
vt 0.386289 0.395032
vt 0.393555 0.384329
vt 0.349077 0.307989
vt 0.410389 0.375512
vt 0.161962 0.297699
vt 0.117873 0.254780
vt 0.161983 0.121990
vt 0.292891 0.254386
vt 0.190600 0.258080
vt 0.156680 0.224989
vt 0.190370 0.161630
vt 0.253935 0.224495
vt 0.200131 0.254300
vt 0.117602 0.164612
vt 0.061789 0.110649
vt 0.156368 0.194675
vt 0.199760 0.165360
vt 0.291981 0.164234
vt 0.253361 0.194317
vt 0.347897 0.110546
vt 0.393689 0.014005
vt 0.401594 0.024947
vt 0.391781 0.033746
vt 0.384680 0.023382
vt 0.408849 0.042706
vt 0.001017 0.042668
vt 0.008374 0.024755
vt 0.018177 0.033676
vt 0.160174 0.215214
vt 0.383526 0.412033
vt 0.375362 0.401954
vt 0.366019 0.418501
vt 0.300446 0.355100
vt 0.299084 0.063635
vt 0.364402 0.000004
vt 0.382437 0.006542
vt 0.374040 0.016700
vt 0.247564 0.121670
vt 0.219305 0.161509
vt 0.250173 0.214617
vt 0.248789 0.297338
vt 0.220023 0.257962
vt 0.210462 0.254294
vt 0.205282 0.254280
vt 0.159885 0.204627
vt 0.249843 0.204083
vt 0.160047 0.209957
vt 0.249983 0.209304
vt 0.209925 0.165337
vt 0.204850 0.165368
vt 0.325914 0.175552
vt 0.334275 0.180289
vt 0.330209 0.185270
vt 0.322940 0.181558
vt 0.340566 0.187545
vt 0.335293 0.191663
vt 0.269483 0.187548
vt 0.275773 0.180291
vt 0.279840 0.185272
vt 0.274756 0.191666
vt 0.284133 0.175554
vt 0.287108 0.181560
vt 0.320249 0.173394
vt 0.317968 0.179791
vt 0.346746 0.197873
vt 0.350506 0.206319
vt 0.344212 0.208596
vt 0.340805 0.200768
vt 0.259545 0.206322
vt 0.263304 0.197877
vt 0.269245 0.200771
vt 0.265838 0.208599
vt 0.266275 0.192669
vt 0.272019 0.196202
vt 0.305024 0.169852
vt 0.314497 0.171479
vt 0.313000 0.178013
vt 0.305024 0.176284
vt 0.295550 0.171480
vt 0.297048 0.178013
vt 0.343774 0.192665
vt 0.338031 0.196199
vt 0.289798 0.173395
vt 0.292080 0.179793
vt 0.325845 0.190606
vt 0.319811 0.187372
vt 0.330223 0.195863
vt 0.284204 0.190608
vt 0.279827 0.195865
vt 0.290238 0.187373
vt 0.315775 0.185938
vt 0.337167 0.209262
vt 0.334649 0.203122
vt 0.275401 0.203125
vt 0.272884 0.209265
vt 0.277618 0.199509
vt 0.311744 0.184496
vt 0.305024 0.183184
vt 0.298305 0.184496
vt 0.332431 0.199507
vt 0.294273 0.185939
vt 0.223289 0.134248
vt 0.213100 0.137345
vt 0.208367 0.124780
vt 0.217311 0.123962
vt 0.203091 0.137879
vt 0.199866 0.125036
vt 0.251800 0.076618
vt 0.253536 0.086491
vt 0.240227 0.084707
vt 0.238559 0.076366
vt 0.252813 0.097117
vt 0.241446 0.093606
vt 0.229457 0.131241
vt 0.222959 0.121876
vt 0.191724 0.137677
vt 0.183943 0.137877
vt 0.179685 0.121113
vt 0.188320 0.123057
vt 0.247483 0.057961
vt 0.249041 0.065588
vt 0.234028 0.065563
vt 0.230187 0.057588
vt 0.250444 0.070934
vt 0.236485 0.070950
vt 0.243676 0.120156
vt 0.235354 0.127587
vt 0.228047 0.118782
vt 0.233889 0.112370
vt 0.249041 0.110374
vt 0.238819 0.105233
vt 0.197249 0.137839
vt 0.194121 0.124236
vt 0.251273 0.103805
vt 0.240687 0.099579
vt 0.205974 0.115246
vt 0.213103 0.115125
vt 0.198413 0.113723
vt 0.230398 0.084523
vt 0.227209 0.077500
vt 0.231888 0.091495
vt 0.217694 0.113888
vt 0.181826 0.105515
vt 0.188794 0.109141
vt 0.220574 0.069160
vt 0.215470 0.063191
vt 0.224006 0.073121
vt 0.221880 0.111631
vt 0.226855 0.106777
vt 0.230463 0.100834
vt 0.193426 0.111591
vt 0.231719 0.096247
vt 0.204966 0.107038
vt 0.210282 0.106797
vt 0.199945 0.103852
vt 0.222175 0.085390
vt 0.217937 0.081217
vt 0.223139 0.090624
vt 0.213502 0.105851
vt 0.190023 0.092370
vt 0.194314 0.097605
vt 0.210578 0.077140
vt 0.204508 0.074144
vt 0.214333 0.079193
vt 0.216683 0.104832
vt 0.220938 0.102071
vt 0.222667 0.097302
vt 0.197161 0.100799
vt 0.222942 0.093974
vt 0.394957 0.704579
vt 0.390813 0.701129
vt 0.394181 0.697772
vt 0.398428 0.700251
vt 0.426360 0.690109
vt 0.406123 0.707668
vt 0.387378 0.696974
vt 0.391717 0.693517
vt 0.384326 0.685798
vt 0.401955 0.665617
vt 0.440815 0.674007
vt 0.418112 0.651197
vt 0.453316 0.660286
vt 0.432079 0.638897
vt 0.391033 0.453433
vt 0.394970 0.450034
vt 0.398509 0.454381
vt 0.394356 0.456773
vt 0.406312 0.446955
vt 0.426489 0.464561
vt 0.440885 0.480726
vt 0.453335 0.494512
vt 0.401982 0.488947
vt 0.384478 0.468679
vt 0.387614 0.457353
vt 0.391943 0.460914
vt 0.418074 0.503441
vt 0.431976 0.515811
vt 0.642270 0.696759
vt 0.638678 0.701732
vt 0.635220 0.698241
vt 0.637969 0.693600
vt 0.627613 0.665974
vt 0.645259 0.686234
vt 0.611598 0.651450
vt 0.597937 0.638829
vt 0.576165 0.660385
vt 0.588652 0.674174
vt 0.603026 0.690329
vt 0.633672 0.705277
vt 0.630554 0.700947
vt 0.623119 0.708167
vt 0.597728 0.515906
vt 0.611452 0.503359
vt 0.627533 0.488907
vt 0.638737 0.453221
vt 0.642298 0.458144
vt 0.637983 0.461309
vt 0.635271 0.456689
vt 0.645252 0.468726
vt 0.603060 0.464452
vt 0.623226 0.446717
vt 0.633811 0.449663
vt 0.630649 0.453981
vt 0.588623 0.480538
vt 0.576086 0.494258
vt 0.007521 0.411838
vt 0.009061 0.006532
vt 0.402787 0.412052
vt 0.400939 0.006451
vt 0.386838 0.705091
vt 0.387109 0.449489
vt 0.642746 0.705839
vt 0.642815 0.449139
vt 0.852188 0.606601
vt 0.837930 0.606203
vt 0.851914 0.587738
vt 0.867361 0.591568
vt 0.852646 0.620863
vt 0.871036 0.606835
vt 0.837946 0.767886
vt 0.852208 0.767428
vt 0.867241 0.782602
vt 0.851973 0.786276
vt 0.852606 0.753169
vt 0.871071 0.767154
vt 0.705625 0.606163
vt 0.691363 0.606621
vt 0.676331 0.591447
vt 0.691598 0.587774
vt 0.690965 0.620879
vt 0.672501 0.606895
vt 0.690924 0.753183
vt 0.691382 0.767445
vt 0.676207 0.782477
vt 0.672534 0.767210
vt 0.705640 0.767843
vt 0.691655 0.786308
vt 0.853024 0.579073
vt 0.872469 0.585717
vt 0.879724 0.605638
vt 0.873092 0.787709
vt 0.853170 0.794964
vt 0.879736 0.768265
vt 0.670480 0.586340
vt 0.690400 0.579085
vt 0.663836 0.605784
vt 0.671100 0.788327
vt 0.663846 0.768407
vt 0.690543 0.794973
vt 0.586835 0.382565
vt 0.628217 0.258799
vt 0.482849 0.458919
vt 0.584029 0.133952
vt 0.470265 0.060603
vt 0.584070 0.380616
vt 0.624988 0.258844
vt 0.480759 0.456461
vt 0.581465 0.136052
vt 0.468787 0.063451
vt 0.580326 0.378082
vt 0.620755 0.258862
vt 0.475015 0.454185
vt 0.578020 0.138626
vt 0.463761 0.066297
vt 0.576975 0.375917
vt 0.616902 0.258908
vt 0.472451 0.451136
vt 0.574903 0.141006
vt 0.461847 0.069706
vt 0.570719 0.371619
vt 0.609382 0.258878
vt 0.472282 0.442755
vt 0.568717 0.145650
vt 0.462974 0.078503
vt 0.562799 0.366060
vt 0.599975 0.258936
vt 0.472531 0.432123
vt 0.560896 0.151688
vt 0.464718 0.089659
vt 0.559067 0.363549
vt 0.595804 0.259047
vt 0.469652 0.428793
vt 0.557509 0.154546
vt 0.462754 0.093336
vt 0.541744 0.348327
vt 0.575676 0.255694
vt 0.421098 0.420264
vt 0.538962 0.162760
vt 0.421501 0.102647
vt 0.533263 0.344263
vt 0.566364 0.256455
vt 0.414273 0.411062
vt 0.531277 0.168281
vt 0.414312 0.110974
vt 0.507189 0.324919
vt 0.533938 0.255766
vt 0.420312 0.366556
vt 0.504304 0.188315
vt 0.416661 0.153112
vt 0.482753 0.299883
vt 0.500264 0.255290
vt 0.430108 0.321885
vt 0.478970 0.213113
vt 0.425209 0.197186
vt 0.478811 0.295609
vt 0.427934 0.314971
vt 0.125000 1.000000
vt 0.000000 1.000000
vt 0.000000 0.833333
vt 0.125000 0.833333
vt 0.250000 1.000000
vt 0.250000 0.833333
vt 0.375000 1.000000
vt 0.375000 0.833333
vt 0.500000 1.000000
vt 0.500000 0.833333
vt 0.625000 1.000000
vt 0.625000 0.833333
vt 0.750000 1.000000
vt 0.750000 0.833333
vt 0.875000 1.000000
vt 0.875000 0.833333
vt 1.000000 1.000000
vt 1.000000 0.833333
vt 0.000000 0.666667
vt 0.125000 0.666667
vt 0.250000 0.666667
vt 0.375000 0.666667
vt 0.500000 0.666667
vt 0.625000 0.666667
vt 0.750000 0.666667
vt 0.875000 0.666667
vt 1.000000 0.666667
vt 0.000000 0.500000
vt 0.125000 0.500000
vt 0.250000 0.500000
vt 0.375000 0.500000
vt 0.500000 0.500000
vt 0.625000 0.500000
vt 0.750000 0.500000
vt 0.875000 0.500000
vt 1.000000 0.500000
vt 0.000000 0.333333
vt 0.125000 0.333333
vt 0.250000 0.333333
vt 0.375000 0.333333
vt 0.500000 0.333333
vt 0.625000 0.333333
vt 0.750000 0.333333
vt 0.875000 0.333333
vt 1.000000 0.333333
vt 0.000000 0.166667
vt 0.125000 0.166667
vt 0.250000 0.166667
vt 0.375000 0.166667
vt 0.500000 0.166667
vt 0.625000 0.166667
vt 0.750000 0.166667
vt 0.875000 0.166667
vt 1.000000 0.166667
vt 0.000000 -0.000000
vt 0.125000 -0.000000
vt 0.250000 -0.000000
vt 0.375000 -0.000000
vt 0.500000 -0.000000
vt 0.625000 -0.000000
vt 0.750000 -0.000000
vt 0.875000 -0.000000
vt 1.000000 -0.000000
s 1
usemtl standardSurface5SG
f 4/1/1 5/2/1 7/3/2 6/4/3
f 833/5/4 834/6/4 835/7/4 836/8/4
f 6/4/5 1/9/6 2/10/7 4/1/7
f 10/11/8 11/12/9 13/13/10 12/14/11
f 12/14/1 13/13/1 15/15/1 14/16/1
f 14/16/7 8/17/7 10/11/12 12/14/7
f 3/18/13 5/2/13 15/19/13 9/20/13
f 5/2/1 4/1/1 14/21/1 15/19/1
f 4/1/7 2/10/7 8/22/7 14/21/7
f 2/10/14 3/23/14 9/24/14 8/22/14
f 16/25/15 17/26/16 19/27/14 18/28/14
f 837/29/17 838/30/17 839/31/17 840/32/17
f 22/33/6 16/25/5 18/28/7 20/34/12
f 23/35/14 24/36/14 26/37/14 25/38/14
f 25/38/18 26/37/19 28/39/20 27/40/21
f 29/41/12 23/35/7 25/38/7 27/40/12
f 19/27/13 21/42/13 30/43/13 24/44/13
f 21/45/1 20/34/1 29/46/1 30/47/1
f 20/34/12 18/28/7 23/48/7 29/46/12
f 18/28/14 19/27/14 24/44/14 23/48/14
f 34/49/1 35/50/1 37/51/3 36/52/2
f 841/53/22 842/54/22 843/55/22 844/56/22
f 31/57/23 37/51/24 35/50/13 33/58/13
f 40/59/25 41/60/26 43/61/27 42/62/28
f 42/62/1 43/61/1 45/63/1 44/64/1
f 39/65/13 45/63/13 43/61/13 41/60/13
f 33/58/13 35/50/13 45/66/13 39/67/13
f 35/50/1 34/49/1 44/68/1 45/66/1
f 34/49/12 32/69/12 38/70/12 44/68/12
f 32/71/14 33/58/14 39/67/14 38/72/14
f 46/73/16 47/74/15 49/75/14 48/76/14
f 845/77/29 846/78/29 847/79/29 848/80/29
f 47/74/24 52/81/23 51/82/13 49/75/13
f 53/83/14 54/84/14 56/85/14 55/86/14
f 55/86/30 56/85/31 58/87/32 57/88/33
f 54/84/13 60/89/13 58/87/13 56/85/13
f 49/75/13 51/82/13 60/90/13 54/91/13
f 51/82/1 50/92/1 59/93/1 60/90/1
f 50/94/12 48/76/12 53/95/12 59/96/12
f 48/76/14 49/75/14 54/91/14 53/95/14
f 31/97/13 33/97/13 51/97/13 52/97/13
f 33/97/34 32/97/34 50/97/34 51/97/34
f 844/56/35 843/55/35 846/78/35 845/77/35
f 19/98/14 17/99/16 46/100/16 48/101/14
f 839/31/36 838/30/36 845/77/36 848/80/36
f 21/102/34 19/98/34 48/101/34 50/103/34
f 3/97/34 2/97/34 20/97/34 21/97/34
f 2/97/7 1/97/6 22/97/6 20/97/12
f 836/104/37 835/105/37 838/30/37 837/29/37
f 835/7/38 834/6/38 841/53/38 844/56/38
f 7/106/2 5/107/1 34/108/1 36/109/2
f 5/107/34 3/110/34 32/111/34 34/108/34
f 39/65/13 41/60/13 208/112/13 209/113/13
f 41/60/26 40/59/25 207/114/39 208/112/39
f 38/115/40 39/65/41 209/113/42 210/116/43
f 9/117/44 15/15/45 125/118/46 126/119/47
f 15/15/1 13/13/1 124/120/1 125/118/1
f 13/13/10 11/12/9 123/121/48 124/120/48
f 11/122/9 10/123/8 214/124/49 215/125/49
f 10/123/12 8/126/7 213/127/12 214/124/12
f 8/126/50 9/117/44 212/128/51 213/127/52
f 26/129/14 24/130/14 128/131/14 129/132/14
f 24/130/53 30/133/54 127/134/55 128/131/56
f 28/135/20 26/129/19 129/132/57 130/136/57
f 454/137/58 453/138/59 455/139/60 456/140/61
f 211/141/62 212/128/51 9/117/44 126/119/47
f 894/142/63 897/143/63 895/144/63 896/145/63
f 32/97/34 3/97/34 21/97/34 50/97/34
f 123/146/64 11/147/65 61/148/65 122/149/66
f 11/147/67 215/150/68 216/151/69 61/148/67
f 28/152/70 130/153/71 131/154/72 63/155/70
f 207/156/73 40/157/74 62/158/74 206/159/75
f 122/149/76 61/148/77 65/160/77 121/161/78
f 61/148/79 216/151/80 217/162/81 65/160/79
f 63/155/82 131/154/83 132/163/84 67/164/82
f 206/159/85 62/158/86 66/165/86 205/166/87
f 121/161/88 65/160/89 69/167/90 120/168/91
f 65/160/92 217/162/93 218/169/94 69/167/90
f 67/164/95 132/163/96 133/170/97 71/171/98
f 205/166/99 66/165/100 70/172/101 204/173/102
f 598/174/103 597/175/104 599/176/105 600/177/105
f 597/175/104 601/178/106 602/179/107 599/176/107
f 608/180/108 609/181/109 610/182/110 611/183/110
f 621/184/111 620/185/112 622/186/113 623/187/113
f 600/177/114 599/176/114 603/188/114 604/189/114
f 599/176/115 602/179/115 605/190/115 603/188/115
f 611/183/116 610/182/116 612/191/116 613/192/116
f 623/187/117 622/186/117 624/193/117 625/194/117
f 606/195/118 604/189/118 603/188/118 607/196/118
f 603/188/119 605/190/119 898/197/119 607/196/119
f 613/192/120 612/191/120 614/198/120 615/199/120
f 625/194/121 624/193/121 626/200/121 627/201/121
f 606/195/122 607/196/122 102/202/122 115/203/122
f 607/196/123 898/197/123 222/204/123 102/202/123
f 615/199/124 614/198/124 138/205/124 75/206/124
f 627/201/125 626/200/125 74/207/125 199/208/125
f 115/209/126 102/210/127 84/211/128 114/212/129
f 102/210/130 222/213/131 223/214/132 84/211/133
f 75/215/134 138/216/135 139/217/136 83/218/137
f 199/219/138 74/220/139 81/221/140 198/222/141
f 197/223/142 198/222/141 81/221/140 78/224/143
f 79/225/144 83/218/137 139/217/136 140/226/145
f 77/227/146 84/211/133 223/214/132 224/228/147
f 113/229/148 114/212/129 84/211/128 77/227/149
f 113/230/148 77/231/149 85/232/150 112/233/151
f 77/231/146 224/234/147 225/235/152 85/232/153
f 79/236/144 140/237/145 141/238/154 87/239/155
f 197/240/142 78/241/143 86/242/156 196/243/157
f 112/233/151 85/232/150 89/244/158 111/245/159
f 85/232/153 225/235/152 226/246/160 89/244/161
f 141/238/154 142/247/162 91/248/163 87/239/155
f 196/243/157 86/242/156 90/249/164 195/250/165
f 111/245/159 89/244/166 93/251/166 110/252/167
f 89/244/168 226/246/160 227/253/169 93/251/168
f 91/248/170 142/247/162 143/254/171 95/255/170
f 195/250/165 90/249/172 94/256/172 194/257/173
f 110/252/174 93/251/175 97/258/175 109/259/176
f 93/251/177 227/253/178 228/260/179 97/258/177
f 95/255/180 143/254/181 144/261/182 99/262/180
f 194/257/183 94/256/184 98/263/184 193/264/185
f 458/265/186 457/266/187 459/267/188 460/268/188
f 457/266/187 461/269/189 462/270/190 459/267/190
f 463/271/191 464/272/192 465/273/193 466/274/193
f 468/275/194 467/276/195 469/277/196 470/278/196
f 460/268/197 459/267/197 471/279/197 472/280/197
f 459/267/198 462/270/198 473/281/198 471/279/198
f 466/274/199 465/273/199 474/282/199 475/283/199
f 470/278/200 469/277/200 476/284/200 477/285/200
f 472/280/201 471/279/201 453/138/201 454/137/201
f 471/279/202 473/281/202 455/139/202 453/138/202
f 475/283/203 474/282/203 478/286/203 479/287/203
f 477/285/204 476/284/204 480/288/204 481/289/204
f 359/290/205 104/291/205 103/292/205 358/293/205
f 360/294/206 105/295/206 104/291/206 359/290/206
f 482/296/207 454/137/58 456/140/61 483/297/208
f 318/298/209 107/299/209 106/300/209 317/301/209
f 319/302/210 108/303/210 107/299/210 318/298/210
f 320/304/211 109/305/212 108/303/212 319/302/213
f 321/306/214 110/252/174 109/259/176 320/307/215
f 322/308/216 111/245/159 110/252/167 321/306/217
f 323/309/218 112/233/151 111/245/159 322/308/216
f 324/310/219 113/230/148 112/233/151 323/309/218
f 325/311/220 114/212/129 113/229/148 324/312/219
f 326/313/221 115/209/126 114/212/129 325/311/220
f 327/314/1 116/315/1 115/203/1 326/316/221
f 328/317/222 117/318/223 116/319/223 327/320/224
f 329/321/225 118/322/226 117/318/226 328/317/227
f 330/323/228 119/324/229 118/322/229 329/321/230
f 331/325/231 120/326/232 119/324/232 330/323/233
f 332/327/234 121/161/88 120/168/91 331/328/235
f 333/329/236 122/149/76 121/161/78 332/327/237
f 334/330/238 123/146/64 122/149/66 333/329/239
f 335/331/240 124/120/48 123/121/48 334/332/240
f 336/333/1 125/118/1 124/120/1 335/331/1
f 337/334/241 126/119/47 125/118/46 336/333/242
f 211/141/62 126/119/47 337/334/241 338/335/243
f 341/336/244 128/131/56 127/134/55 340/337/245
f 342/338/14 129/132/14 128/131/14 341/336/14
f 343/339/246 130/136/57 129/132/57 342/338/247
f 344/340/248 131/154/72 130/153/71 343/341/249
f 345/342/250 132/163/84 131/154/83 344/340/251
f 346/343/252 133/170/97 132/163/96 345/342/253
f 347/344/254 134/345/255 133/346/255 346/347/256
f 348/348/257 135/349/258 134/345/258 347/344/259
f 349/350/260 136/351/261 135/349/261 348/348/262
f 350/352/263 137/353/264 136/351/264 349/350/265
f 351/354/266 138/205/135 137/355/14 350/356/14
f 139/217/136 138/216/135 351/357/266 352/358/267
f 353/359/268 140/226/145 139/217/136 352/358/267
f 354/360/269 141/238/154 140/237/145 353/361/268
f 355/362/270 142/247/162 141/238/154 354/360/269
f 356/363/271 143/254/171 142/247/162 355/362/270
f 357/364/272 144/261/182 143/254/181 356/363/273
f 358/293/274 103/292/275 144/365/275 357/366/276
f 485/367/277 484/368/277 466/274/277 475/283/277
f 486/369/278 485/367/278 475/283/278 479/287/278
f 487/370/279 486/369/280 479/287/281 478/286/282
f 488/371/283 489/372/283 487/370/279 478/286/282
f 491/373/284 490/374/284 492/375/284 493/376/284
f 495/377/285 494/378/285 490/374/285 491/373/285
f 497/379/286 496/380/287 494/378/288 495/377/288
f 96/381/289 152/382/290 151/383/291 100/384/289
f 92/385/292 153/386/293 152/382/294 96/381/292
f 88/387/295 154/388/296 153/386/293 92/385/297
f 80/389/298 155/390/299 154/388/296 88/387/295
f 80/391/298 82/392/300 156/393/301 155/394/299
f 76/395/302 157/396/303 156/393/301 82/392/300
f 633/397/304 632/398/304 157/399/304 76/400/304
f 635/401/305 634/402/305 632/398/305 633/397/305
f 637/403/306 636/404/306 634/402/306 635/401/306
f 639/405/307 638/406/308 636/404/309 637/403/309
f 68/407/310 163/408/311 162/409/312 72/410/313
f 64/411/314 164/412/315 163/408/316 68/407/314
f 57/413/317 165/414/318 164/412/319 64/411/317
f 166/415/320 165/416/320 57/417/33 58/418/32
f 167/419/13 166/415/13 58/418/13 60/420/13
f 168/421/321 167/419/322 60/420/323 59/422/324
f 340/337/245 127/134/55 169/423/325 339/424/326
f 127/134/55 30/133/54 170/425/327 169/423/325
f 171/426/328 170/425/327 30/133/54 29/41/329
f 172/427/12 171/426/12 29/41/12 27/40/12
f 173/428/330 172/427/330 27/40/21 28/39/20
f 174/429/331 173/430/332 28/152/333 63/155/333
f 175/431/334 174/429/335 63/155/336 67/164/336
f 176/432/337 175/431/338 67/164/339 71/171/98
f 617/433/340 616/434/341 608/180/108 611/183/340
f 618/435/342 617/433/342 611/183/342 613/192/342
f 619/436/343 618/435/343 613/192/343 615/199/343
f 180/437/344 619/436/344 615/199/344 75/206/344
f 181/438/345 180/439/346 75/215/347 83/218/348
f 182/440/349 181/438/345 83/218/348 79/225/350
f 183/441/351 182/442/349 79/236/350 87/239/352
f 184/443/353 183/441/351 87/239/352 91/248/354
f 185/444/355 184/443/353 91/248/356 95/255/356
f 186/445/357 185/444/358 95/255/359 99/262/359
f 484/368/360 498/446/361 463/271/191 466/274/360
f 450/447/362 188/448/362 187/449/362 449/450/362
f 451/451/363 189/452/363 188/448/363 450/447/363
f 499/453/364 456/140/61 455/139/60 500/454/365
f 581/455/366 582/456/367 583/457/368 584/458/366
f 452/459/369 407/460/369 191/461/369 190/462/369
f 408/463/370 192/464/370 191/461/370 407/460/370
f 409/465/371 193/466/372 192/464/372 408/463/373
f 410/467/374 194/257/183 193/264/185 409/468/375
f 411/469/376 195/250/165 194/257/173 410/467/377
f 412/470/378 196/243/157 195/250/165 411/469/376
f 413/471/379 197/240/142 196/243/157 412/470/378
f 414/472/380 198/222/141 197/223/142 413/473/379
f 415/474/381 199/219/138 198/222/141 414/472/380
f 416/475/13 200/476/13 199/208/138 415/477/381
f 417/478/382 201/479/383 200/480/383 416/481/384
f 418/482/385 202/483/386 201/479/386 417/478/387
f 419/484/388 203/485/389 202/483/389 418/482/390
f 420/486/391 204/487/392 203/485/392 419/484/393
f 421/488/394 205/166/99 204/173/102 420/489/395
f 422/490/396 206/159/85 205/166/87 421/488/397
f 423/491/398 207/156/73 206/159/75 422/490/399
f 424/492/400 208/112/39 207/114/39 423/493/400
f 425/494/13 209/113/13 208/112/13 424/492/13
f 426/495/401 210/116/43 209/113/42 425/494/402
f 430/496/403 211/141/62 338/335/243 429/497/63
f 431/498/404 212/128/51 211/141/62 430/496/403
f 432/499/405 213/127/52 212/128/51 431/498/404
f 433/500/12 214/124/12 213/127/12 432/499/12
f 434/501/406 215/125/49 214/124/49 433/500/406
f 435/502/407 216/151/69 215/150/68 434/503/408
f 436/504/409 217/162/81 216/151/80 435/502/410
f 437/505/411 218/169/94 217/162/93 436/504/412
f 438/506/413 219/507/414 218/508/414 437/509/415
f 439/510/416 220/511/417 219/507/417 438/506/418
f 440/512/419 221/513/420 220/511/420 439/510/421
f 441/514/422 101/515/423 221/513/423 440/512/424
f 442/516/12 222/204/12 101/517/12 441/518/12
f 223/214/132 222/213/131 442/519/425 443/520/426
f 444/521/427 224/228/147 223/214/132 443/520/426
f 445/522/428 225/235/152 224/234/147 444/523/427
f 446/524/429 226/246/160 225/235/152 445/522/428
f 447/525/430 227/253/169 226/246/160 446/524/429
f 448/526/431 228/260/179 227/253/178 447/525/432
f 449/450/433 187/449/434 228/527/434 448/528/435
f 467/276/195 504/529/436 505/530/437 469/277/437
f 94/256/438 231/531/439 230/532/440 98/263/438
f 90/249/441 232/533/442 231/531/443 94/256/441
f 86/242/444 233/534/445 232/533/442 90/249/446
f 78/241/447 234/535/448 233/534/445 86/242/444
f 78/224/447 81/221/449 235/536/450 234/537/448
f 74/220/451 236/538/452 235/536/450 81/221/449
f 626/200/453 628/539/453 236/540/453 74/207/453
f 624/193/454 629/541/454 628/539/454 626/200/454
f 622/186/455 630/542/455 629/541/455 624/193/455
f 620/185/112 631/543/456 630/542/457 622/186/457
f 66/165/458 242/544/459 241/545/460 70/172/101
f 62/158/461 243/546/462 242/544/463 66/165/461
f 40/157/464 244/547/465 243/546/466 62/158/464
f 245/548/467 244/549/467 40/550/25 42/551/28
f 246/552/1 245/548/1 42/551/1 44/553/1
f 247/554/468 246/552/469 44/553/470 38/115/40
f 210/116/43 248/555/471 247/554/468 38/115/40
f 248/555/471 210/116/43 426/495/401 427/556/472
f 59/422/324 250/557/473 249/558/474 168/421/321
f 251/559/475 250/557/473 59/422/324 53/83/476
f 252/560/477 251/559/477 53/83/14 55/86/14
f 253/561/478 252/560/478 55/86/30 57/88/33
f 254/562/479 253/563/480 57/413/481 64/411/481
f 255/564/482 254/562/483 64/411/484 68/407/484
f 256/565/485 255/564/486 68/407/487 72/410/313
f 641/566/488 640/567/489 639/405/307 637/403/488
f 642/568/490 641/566/490 637/403/490 635/401/490
f 643/569/491 642/568/491 635/401/491 633/397/491
f 261/570/492 643/569/492 633/397/492 76/400/492
f 262/571/493 261/572/494 76/395/495 82/392/496
f 263/573/497 262/571/493 82/392/496 80/391/498
f 264/574/499 263/575/497 80/389/498 88/387/500
f 88/387/500 92/385/501 265/576/502 264/574/499
f 266/577/503 265/576/502 92/385/504 96/381/504
f 267/578/505 266/577/506 96/381/507 100/384/507
f 507/579/508 506/580/509 497/379/286 495/377/508
f 508/581/510 507/579/510 495/377/510 491/373/510
f 509/582/511 508/581/511 491/373/511 493/376/511
f 492/375/512 510/583/513 509/582/514 493/376/515
f 511/584/516 481/289/517 503/585/518 502/586/519
f 480/288/520 512/587/521 503/585/518 481/289/517
f 476/284/522 513/588/522 512/587/522 480/288/522
f 469/277/523 505/530/523 513/588/523 476/284/523
f 512/587/521 514/589/524 501/590/525 503/585/518
f 272/591/209 274/592/209 273/593/209 271/594/209
f 229/595/210 275/596/210 274/592/210 272/591/210
f 230/597/526 276/598/527 275/596/528 229/595/526
f 231/531/439 277/599/529 276/600/530 230/532/440
f 232/533/442 278/601/531 277/599/532 231/531/443
f 233/534/445 279/602/533 278/601/531 232/533/442
f 234/535/448 280/603/534 279/602/533 233/534/445
f 235/536/450 281/604/535 280/605/534 234/537/448
f 236/538/452 282/606/536 281/604/535 235/536/450
f 237/607/1 283/608/1 282/609/536 236/540/452
f 238/610/537 284/611/538 283/612/539 237/613/537
f 239/614/540 285/615/541 284/611/542 238/610/540
f 240/616/543 286/617/544 285/615/545 239/614/543
f 241/618/546 287/619/547 286/617/548 240/616/546
f 242/544/459 288/620/549 287/621/550 241/545/460
f 243/546/462 289/622/551 288/620/552 242/544/463
f 244/547/465 290/623/553 289/622/554 243/546/466
f 245/548/467 291/624/555 290/625/556 244/549/467
f 246/552/1 292/626/1 291/624/1 245/548/1
f 247/554/468 293/627/557 292/626/558 246/552/469
f 294/628/559 293/627/557 247/554/468 248/555/471
f 428/629/63 294/628/559 248/555/471 427/556/472
f 250/557/473 296/630/560 295/631/561 249/558/474
f 251/559/475 297/632/562 296/630/560 250/557/473
f 252/560/477 298/633/14 297/632/14 251/559/477
f 253/561/478 299/634/563 298/633/563 252/560/478
f 254/562/479 300/635/564 299/636/565 253/563/480
f 255/564/482 301/637/566 300/635/567 254/562/483
f 256/565/485 302/638/568 301/637/569 255/564/486
f 257/639/570 303/640/571 302/641/572 256/642/570
f 258/643/573 304/644/574 303/640/575 257/639/573
f 259/645/576 305/646/577 304/644/578 258/643/576
f 260/647/579 306/648/580 305/646/581 259/645/579
f 261/570/14 307/649/582 306/650/14 260/651/14
f 308/652/583 307/653/582 261/572/494 262/571/493
f 263/573/497 309/654/584 308/652/583 262/571/493
f 264/574/499 310/655/585 309/656/584 263/575/497
f 265/576/502 311/657/586 310/655/585 264/574/499
f 266/577/503 312/658/587 311/657/586 265/576/502
f 267/578/505 313/659/588 312/658/589 266/577/506
f 268/660/590 314/661/591 313/662/592 267/663/590
f 269/664/205 315/665/205 314/661/205 268/660/205
f 270/666/206 316/667/206 315/665/206 269/664/206
f 755/668/34 482/296/207 483/297/208 754/669/34
f 757/670/209 318/298/209 317/301/209 756/671/209
f 758/672/210 319/302/210 318/298/210 757/670/210
f 759/673/593 320/304/211 319/302/213 758/672/593
f 760/674/594 321/306/214 320/307/215 759/675/594
f 761/676/595 322/308/216 321/306/217 760/674/596
f 762/677/597 323/309/218 322/308/216 761/676/595
f 763/678/598 324/310/219 323/309/218 762/677/597
f 764/679/599 325/311/220 324/312/219 763/680/598
f 765/681/600 326/313/221 325/311/220 764/679/599
f 766/682/1 327/314/1 326/316/221 765/683/600
f 767/684/601 328/317/222 327/320/224 766/685/601
f 768/686/602 329/321/225 328/317/227 767/684/602
f 769/687/603 330/323/228 329/321/230 768/686/603
f 770/688/604 331/325/231 330/323/233 769/687/604
f 771/689/605 332/327/234 331/328/235 770/690/605
f 772/691/606 333/329/236 332/327/237 771/689/606
f 772/691/607 781/692/607 334/330/238 333/329/239
f 781/693/34 773/694/34 335/331/240 334/332/240
f 773/694/1 774/695/1 336/333/1 335/331/1
f 774/695/63 787/696/63 337/334/241 336/333/242
f 785/697/63 787/696/63 293/627/557 294/628/559
f 429/497/63 338/335/243 785/697/63 794/698/63
f 786/699/63 788/700/63 340/337/245 339/424/326
f 297/632/562 775/701/63 788/700/63 296/630/560
f 298/633/14 776/702/14 775/701/14 297/632/14
f 299/634/563 782/703/34 776/702/34 298/633/563
f 300/635/564 720/704/608 782/705/608 299/636/565
f 721/706/609 345/342/250 344/340/251 720/704/609
f 722/707/610 346/343/252 345/342/253 721/706/610
f 723/708/611 347/344/254 346/347/256 722/709/611
f 724/710/612 348/348/257 347/344/259 723/708/612
f 725/711/613 349/350/260 348/348/262 724/710/613
f 726/712/614 350/352/263 349/350/265 725/711/614
f 727/713/615 351/354/266 350/356/14 726/714/14
f 352/358/267 351/357/266 727/715/615 728/716/616
f 729/717/617 353/359/268 352/358/267 728/716/616
f 730/718/618 354/360/269 353/361/268 729/719/617
f 731/720/619 355/362/270 354/360/269 730/718/618
f 732/721/620 356/363/271 355/362/270 731/720/619
f 733/722/621 357/364/272 356/363/273 732/721/621
f 734/723/622 358/293/274 357/366/276 733/724/622
f 735/725/205 359/290/205 358/293/205 734/723/205
f 736/726/206 360/294/206 359/290/206 735/725/206
f 150/727/370 362/728/370 361/729/370 149/730/370
f 151/731/623 363/732/624 362/728/625 150/727/623
f 152/382/290 364/733/626 363/734/627 151/383/291
f 153/386/293 365/735/628 364/733/629 152/382/294
f 154/388/296 366/736/630 365/735/628 153/386/293
f 155/390/299 367/737/631 366/736/630 154/388/296
f 156/393/301 368/738/632 367/739/631 155/394/299
f 157/396/303 369/740/633 368/738/632 156/393/301
f 158/741/13 370/742/13 369/743/633 157/399/13
f 159/744/634 371/745/635 370/746/636 158/747/634
f 160/748/637 372/749/638 371/745/639 159/744/637
f 161/750/640 373/751/641 372/749/642 160/748/640
f 162/752/643 374/753/644 373/751/645 161/750/643
f 163/408/311 375/754/646 374/755/647 162/409/312
f 164/412/315 376/756/648 375/754/649 163/408/316
f 165/414/318 377/757/650 376/756/651 164/412/319
f 166/415/320 378/758/652 377/759/652 165/416/320
f 167/419/13 379/760/13 378/758/13 166/415/13
f 168/421/321 380/761/653 379/760/654 167/419/322
f 381/762/655 380/761/653 168/421/321 249/558/474
f 295/631/561 382/763/63 381/762/655 249/558/474
f 339/424/326 383/764/63 789/765/63 786/699/63
f 169/423/325 384/766/656 383/764/63 339/424/326
f 170/425/327 385/767/657 384/766/656 169/423/325
f 171/426/328 386/768/658 385/767/657 170/425/327
f 172/427/12 387/769/12 386/768/12 171/426/12
f 173/428/330 388/770/659 387/769/659 172/427/330
f 174/429/331 389/771/660 388/772/661 173/430/332
f 175/431/334 390/773/662 389/771/663 174/429/335
f 176/432/337 391/774/664 390/773/665 175/431/338
f 177/775/666 392/776/667 391/777/668 176/778/666
f 178/779/669 393/780/670 392/776/671 177/775/669
f 179/781/672 394/782/673 393/780/674 178/779/672
f 73/783/675 395/784/676 394/782/677 179/781/675
f 180/437/12 396/785/12 395/786/12 73/787/12
f 397/788/678 396/789/679 180/439/346 181/438/345
f 182/440/349 398/790/680 397/788/678 181/438/345
f 183/441/351 399/791/681 398/792/680 182/442/349
f 184/443/353 400/793/682 399/791/681 183/441/351
f 185/444/355 401/794/683 400/793/682 184/443/353
f 186/445/357 402/795/684 401/794/685 185/444/358
f 145/796/686 403/797/687 402/798/688 186/799/686
f 146/800/362 404/801/362 403/797/362 145/796/362
f 147/802/363 405/803/363 404/801/363 146/800/363
f 487/370/279 515/804/689 516/805/690 486/369/280
f 585/806/691 586/807/692 587/808/693 588/809/691
f 492/375/512 517/810/694 518/811/695 510/583/513
f 149/730/369 361/729/369 406/812/369 148/813/369
f 705/814/370 408/463/370 407/460/370 704/815/370
f 706/816/696 409/465/371 408/463/373 705/814/696
f 707/817/697 410/467/374 409/468/375 706/818/697
f 708/819/698 411/469/376 410/467/377 707/817/699
f 709/820/700 412/470/378 411/469/376 708/819/698
f 710/821/701 413/471/379 412/470/378 709/820/700
f 711/822/702 414/472/380 413/473/379 710/823/701
f 712/824/703 415/474/381 414/472/380 711/822/702
f 713/825/13 416/475/13 415/477/381 712/826/703
f 714/827/704 417/478/382 416/481/384 713/828/704
f 715/829/705 418/482/385 417/478/387 714/827/705
f 716/830/706 419/484/388 418/482/390 715/829/706
f 717/831/707 420/486/391 419/484/393 716/830/707
f 718/832/708 421/488/394 420/489/395 717/833/708
f 719/834/709 422/490/396 421/488/397 718/832/709
f 719/834/710 783/835/710 423/491/398 422/490/399
f 783/836/34 777/837/34 424/492/400 423/493/400
f 777/837/13 778/838/13 425/494/13 424/492/13
f 778/838/63 790/839/63 426/495/401 425/494/402
f 790/839/63 791/840/63 427/556/472 426/495/401
f 791/840/63 792/841/63 428/629/63 427/556/472
f 899/842/63 793/843/63 429/497/63 794/698/63
f 793/843/63 795/844/63 430/496/403 429/497/63
f 795/844/63 796/845/63 431/498/404 430/496/403
f 385/767/657 386/768/658 779/846/63 796/845/63
f 387/769/12 780/847/12 779/846/12 386/768/12
f 388/770/659 784/848/34 780/847/34 387/769/659
f 389/771/660 668/849/711 784/850/711 388/772/661
f 669/851/712 436/504/409 435/502/410 668/849/712
f 670/852/713 437/505/411 436/504/412 669/851/713
f 671/853/714 438/506/413 437/509/415 670/854/714
f 672/855/715 439/510/416 438/506/418 671/853/715
f 673/856/716 440/512/419 439/510/421 672/855/716
f 674/857/717 441/514/422 440/512/424 673/856/717
f 675/858/12 442/516/12 441/518/12 674/859/12
f 443/520/426 442/519/425 675/860/718 676/861/719
f 677/862/720 444/521/427 443/520/426 676/861/719
f 678/863/721 445/522/428 444/523/427 677/864/720
f 679/865/722 446/524/429 445/522/428 678/863/721
f 680/866/723 447/525/430 446/524/429 679/865/722
f 681/867/724 448/526/431 447/525/432 680/866/724
f 682/868/725 449/450/433 448/528/435 681/869/725
f 683/870/362 450/447/362 449/450/362 682/868/362
f 684/871/363 451/451/363 450/447/363 683/870/363
f 686/872/34 499/453/364 500/454/365 685/873/34
f 582/456/367 694/874/726 695/875/726 583/457/368
f 702/876/34 511/584/516 502/586/519 701/877/34
f 703/878/369 704/815/369 407/460/369 452/459/369
f 591/879/727 592/880/728 593/881/729 594/882/729
f 692/883/730 693/884/730 592/880/728 591/879/727
f 519/885/731 520/886/731 509/582/514 510/583/513
f 595/887/732 590/888/733 589/889/734 596/890/732
f 593/881/735 592/880/736 747/891/737 748/892/735
f 592/880/736 693/884/34 746/893/34 747/891/737
f 744/894/738 745/895/739 586/807/740 585/806/738
f 488/371/34 737/896/34 738/897/34 489/372/34
f 645/898/741 644/899/741 646/900/741 647/901/741
f 108/902/742 109/903/743 458/265/743 460/268/744
f 644/899/745 648/904/745 649/905/745 646/900/745
f 228/906/746 187/907/747 462/270/748 461/269/746
f 650/908/749 651/909/749 652/910/749 653/911/749
f 144/912/750 103/913/751 465/273/752 464/272/750
f 657/914/753 656/915/753 658/916/753 659/917/753
f 192/918/754 193/919/755 468/275/755 470/278/756
f 107/920/757 108/902/742 460/268/744 472/280/758
f 187/907/747 188/921/759 473/281/760 462/270/748
f 103/913/751 104/922/761 474/282/762 465/273/752
f 191/923/763 192/918/754 470/278/756 477/285/764
f 106/924/765 107/920/757 472/280/758 454/137/765
f 188/921/759 189/925/766 455/139/766 473/281/760
f 104/922/761 105/926/767 478/286/767 474/282/762
f 190/927/768 191/923/763 477/285/764 481/289/768
f 317/928/769 106/924/770 454/137/770 482/296/771
f 146/929/772 145/930/773 484/368/774 485/367/775
f 147/931/776 146/929/772 485/367/775 486/369/776
f 105/926/777 360/932/778 488/371/779 478/286/777
f 149/933/780 148/934/781 492/375/781 490/374/782
f 150/935/783 149/933/780 490/374/782 494/378/784
f 663/936/785 662/937/785 664/938/785 665/939/785
f 151/940/786 150/935/783 494/378/784 496/380/786
f 145/930/773 186/941/787 498/446/787 484/368/774
f 654/942/788 650/908/788 653/911/788 655/943/788
f 189/925/789 451/944/790 500/454/791 455/139/789
f 656/915/792 660/945/792 661/946/792 658/916/792
f 230/947/793 229/948/794 505/530/795 504/529/793
f 268/949/796 267/950/797 506/580/797 507/579/798
f 666/951/799 663/936/799 665/939/799 667/952/799
f 269/953/800 268/949/796 507/579/798 508/581/801
f 270/954/802 269/953/800 508/581/801 509/582/802
f 452/955/803 190/927/804 481/289/804 511/584/805
f 272/956/806 271/957/807 512/587/807 513/588/808
f 229/948/794 272/956/806 513/588/808 505/530/795
f 271/957/809 273/958/810 514/589/811 512/587/809
f 756/959/812 317/928/769 482/296/771 755/668/812
f 405/960/813 147/931/814 486/369/814 516/805/815
f 148/934/816 406/961/817 517/810/818 492/375/816
f 451/944/790 684/962/819 685/873/819 500/454/791
f 703/963/820 452/955/803 511/584/805 702/876/820
f 316/964/821 270/954/822 509/582/822 520/886/823
f 360/932/778 736/965/824 737/896/824 488/371/779
f 502/966/825 503/967/826 523/968/827 522/969/828
f 503/967/829 501/970/830 521/971/831 523/968/832
f 515/972/833 487/973/834 526/974/835 525/975/836
f 487/973/837 489/976/838 524/977/839 526/974/840
f 701/978/841 502/966/825 522/969/828 700/979/842
f 483/980/843 456/981/844 530/982/845 529/983/846
f 456/984/847 499/985/848 528/986/849 530/987/850
f 499/985/848 686/988/851 687/989/852 528/986/849
f 510/990/853 518/991/854 527/992/855 531/993/856
f 519/994/857 510/990/858 531/993/859 532/995/860
f 754/996/861 483/980/843 529/983/846 753/997/862
f 489/976/838 738/998/863 739/999/864 524/977/839
f 522/969/828 523/968/827 535/1000/865 534/1001/866
f 523/968/832 521/971/831 533/1002/867 535/1000/868
f 525/975/836 526/974/835 538/1003/869 537/1004/870
f 526/974/840 524/977/839 536/1005/871 538/1003/872
f 700/979/842 522/969/828 534/1001/866 699/1006/873
f 529/983/846 530/982/845 542/1007/874 541/1008/875
f 530/987/850 528/986/849 540/1009/876 542/1010/877
f 528/986/849 687/989/852 688/1011/878 540/1009/876
f 531/993/856 527/992/855 539/1012/879 543/1013/880
f 532/995/860 531/993/859 543/1013/881 544/1014/882
f 753/997/862 529/983/846 541/1008/875 752/1015/883
f 524/977/839 739/999/864 740/1016/884 536/1005/871
f 534/1017/866 535/1018/865 547/1019/885 546/1020/886
f 535/1018/868 533/1021/867 545/1022/887 547/1019/888
f 537/1023/870 538/1024/869 550/1025/889 549/1026/890
f 538/1024/872 536/1027/871 548/1028/891 550/1025/892
f 699/1029/873 534/1017/866 546/1020/886 698/1030/893
f 541/1031/875 542/1032/874 554/1033/894 553/1034/895
f 542/1035/877 540/1036/876 552/1037/896 554/1038/897
f 540/1036/876 688/1039/878 689/1040/898 552/1037/896
f 543/1041/880 539/1042/879 551/1043/899 555/1044/900
f 544/1045/882 543/1041/881 555/1044/901 556/1046/902
f 752/1047/883 541/1031/875 553/1034/895 751/1048/903
f 536/1027/871 740/1049/884 741/1050/904 548/1028/891
f 546/1020/886 547/1019/885 559/1051/905 558/1052/906
f 547/1019/888 545/1022/887 557/1053/907 559/1051/908
f 549/1026/890 550/1025/889 562/1054/909 561/1055/910
f 550/1025/892 548/1028/891 560/1056/911 562/1054/912
f 698/1030/893 546/1020/886 558/1052/906 697/1057/913
f 553/1034/895 554/1033/894 566/1058/914 565/1059/915
f 554/1038/897 552/1037/896 564/1060/916 566/1061/917
f 552/1037/896 689/1040/898 690/1062/918 564/1060/916
f 555/1044/900 551/1043/899 563/1063/919 567/1064/920
f 556/1046/902 555/1044/901 567/1064/921 568/1065/922
f 751/1048/903 553/1034/895 565/1059/915 750/1066/923
f 548/1028/891 741/1050/904 742/1067/924 560/1056/911
f 558/1052/906 559/1051/905 571/1068/925 570/1069/926
f 559/1051/908 557/1053/907 569/1070/927 571/1068/928
f 561/1055/910 562/1054/909 574/1071/929 573/1072/930
f 562/1054/912 560/1056/911 572/1073/931 574/1071/932
f 697/1057/913 558/1052/906 570/1069/926 696/1074/933
f 565/1059/915 566/1058/914 578/1075/934 577/1076/935
f 566/1061/917 564/1060/916 576/1077/936 578/1078/937
f 564/1060/916 690/1062/918 691/1079/938 576/1077/936
f 567/1064/920 563/1063/919 575/1080/939 579/1081/940
f 568/1065/922 567/1064/921 579/1081/941 580/1082/942
f 750/1066/923 565/1059/915 577/1076/935 749/1083/943
f 560/1056/911 742/1067/924 743/1084/944 572/1073/931
f 570/1069/926 571/1068/925 584/458/945 583/457/946
f 571/1068/928 569/1070/927 581/455/947 584/458/948
f 573/1072/930 574/1071/929 588/809/949 587/808/950
f 574/1071/932 572/1073/931 585/806/951 588/809/952
f 696/1074/933 570/1069/926 583/457/946 695/875/953
f 577/1076/935 578/1075/934 594/882/954 593/881/955
f 578/1078/937 576/1077/936 591/879/956 594/882/957
f 576/1077/936 691/1079/938 692/883/958 591/879/956
f 579/1081/940 575/1080/939 590/888/959 595/887/960
f 580/1082/942 579/1081/941 595/887/961 596/890/962
f 749/1083/943 577/1076/935 593/881/955 748/892/963
f 572/1073/931 743/1084/944 744/894/964 585/806/951
f 798/1085/965 797/1086/965 799/1087/965 800/1088/965
f 119/1089/966 120/1090/967 598/174/967 600/177/968
f 797/1086/969 801/1091/969 802/1092/969 799/1087/969
f 218/1093/970 219/1094/971 602/179/971 601/178/970
f 118/1095/972 119/1089/966 600/177/968 604/189/972
f 219/1094/971 220/1096/973 605/190/973 602/179/971
f 117/1097/974 118/1095/972 604/189/972 606/195/975
f 220/1096/976 221/1098/976 898/197/976 605/190/976
f 116/315/977 117/1097/974 606/195/975 115/203/977
f 803/1099/978 804/1100/978 805/1101/978 806/1102/978
f 133/1103/979 134/1104/980 610/182/980 609/181/979
f 134/1104/980 135/1105/981 612/191/982 610/182/980
f 135/1105/981 136/1106/983 614/198/984 612/191/982
f 136/1106/983 137/355/985 138/205/985 614/198/984
f 177/1107/986 176/1108/987 616/434/987 617/433/986
f 807/1109/988 803/1099/988 806/1102/988 808/1110/988
f 178/1111/989 177/1107/986 617/433/986 618/435/989
f 179/1112/990 178/1111/989 618/435/989 619/436/990
f 810/1113/991 809/1114/991 811/1115/991 812/1116/991
f 203/1117/992 204/1118/993 621/184/993 623/187/992
f 202/1119/994 203/1117/992 623/187/992 625/194/994
f 201/1120/995 202/1119/994 625/194/994 627/201/996
f 200/476/997 201/1120/995 627/201/996 199/208/997
f 238/1121/998 237/607/999 236/540/999 628/539/1000
f 239/1122/1001 238/1121/998 628/539/1000 629/541/1002
f 240/1123/1003 239/1122/1001 629/541/1002 630/542/1003
f 809/1114/1004 813/1124/1004 814/1125/1004 811/1115/1004
f 241/1126/1005 240/1123/1003 630/542/1003 631/543/1005
f 221/1098/1006 101/517/1006 222/204/1006 898/197/1006
f 159/1127/1007 158/741/1008 157/399/1008 632/398/1009
f 160/1128/1010 159/1127/1007 632/398/1009 634/402/1011
f 161/1129/1012 160/1128/1010 634/402/1011 636/404/1012
f 816/1130/1013 815/1131/1013 817/1132/1013 818/1133/1013
f 162/1134/1014 161/1129/1012 636/404/1012 638/406/1014
f 257/1135/1015 256/1136/1016 640/567/1016 641/566/1017
f 819/1137/1018 816/1130/1018 818/1133/1018 820/1138/1018
f 258/1139/1019 257/1135/1015 641/566/1017 642/568/1019
f 259/1140/1020 258/1139/1019 642/568/1019 643/569/1021
f 260/651/1022 259/1140/1020 643/569/1021 261/570/1022
f 73/787/1023 179/1112/1023 619/436/1023 180/437/1023
f 109/903/1024 97/1141/1025 644/899/1025 645/898/1024
f 457/266/187 458/265/186 647/901/1026 646/900/1027
f 458/265/1028 109/903/1028 645/898/1028 647/901/1028
f 97/1141/1025 228/906/1029 648/904/1029 644/899/1025
f 228/906/1030 461/269/1030 649/905/1030 648/904/1030
f 461/269/189 457/266/187 646/900/1027 649/905/1031
f 99/1142/1032 144/912/1033 651/909/1033 650/908/1032
f 144/912/1034 464/272/1034 652/910/1034 651/909/1034
f 464/272/192 463/271/191 653/911/1035 652/910/1036
f 186/941/1037 99/1142/1032 650/908/1032 654/942/1037
f 463/271/191 498/446/361 655/943/1038 653/911/1035
f 498/446/1039 186/941/1039 654/942/1039 655/943/1039
f 193/919/1040 98/1143/1041 656/915/1041 657/914/1040
f 467/276/195 468/275/194 659/917/1042 658/916/1043
f 468/275/1044 193/919/1044 657/914/1044 659/917/1044
f 98/1143/1041 230/947/1045 660/945/1045 656/915/1041
f 230/947/1046 504/529/1046 661/946/1046 660/945/1046
f 504/529/436 467/276/195 658/916/1043 661/946/1047
f 100/1144/1048 151/940/1049 662/937/1049 663/936/1048
f 151/940/1050 496/380/1050 664/938/1050 662/937/1050
f 496/380/287 497/379/286 665/939/1051 664/938/1052
f 267/950/1053 100/1144/1048 663/936/1048 666/951/1053
f 497/379/286 506/580/509 667/952/1054 665/939/1051
f 506/580/1055 267/950/1055 666/951/1055 667/952/1055
f 390/773/662 669/851/712 668/849/712 389/771/663
f 391/774/664 670/852/713 669/851/713 390/773/665
f 392/776/667 671/853/714 670/854/714 391/777/668
f 393/780/670 672/855/715 671/853/715 392/776/671
f 394/782/673 673/856/716 672/855/716 393/780/674
f 395/784/676 674/857/717 673/856/717 394/782/677
f 396/785/12 675/858/12 674/859/12 395/786/12
f 676/861/719 675/860/718 396/789/679 397/788/678
f 398/790/680 677/862/720 676/861/719 397/788/678
f 399/791/681 678/863/721 677/864/720 398/792/680
f 400/793/682 679/865/722 678/863/721 399/791/681
f 401/794/683 680/866/723 679/865/722 400/793/682
f 402/795/684 681/867/724 680/866/724 401/794/685
f 403/797/687 682/868/725 681/869/725 402/798/688
f 404/801/362 683/870/362 682/868/362 403/797/362
f 405/803/363 684/871/363 683/870/363 404/801/363
f 685/873/819 684/962/819 405/960/813 516/805/815
f 515/804/689 686/872/34 685/873/34 516/805/690
f 687/989/852 686/988/851 515/972/833 525/975/836
f 688/1011/878 687/989/852 525/975/836 537/1004/870
f 689/1040/898 688/1039/878 537/1023/870 549/1026/890
f 690/1062/918 689/1040/898 549/1026/890 561/1055/910
f 691/1079/938 690/1062/918 561/1055/910 573/1072/930
f 692/883/958 691/1079/938 573/1072/930 587/808/950
f 587/808/693 586/807/692 693/884/730 692/883/730
f 746/893/34 693/884/34 586/807/740 745/895/739
f 695/875/726 694/874/726 589/889/734 590/888/733
f 575/1080/939 696/1074/933 695/875/953 590/888/959
f 563/1063/919 697/1057/913 696/1074/933 575/1080/939
f 551/1043/899 698/1030/893 697/1057/913 563/1063/919
f 539/1042/879 699/1029/873 698/1030/893 551/1043/899
f 527/992/855 700/979/842 699/1006/873 539/1012/879
f 518/991/854 701/978/841 700/979/842 527/992/855
f 517/810/694 702/876/34 701/877/34 518/811/695
f 406/961/817 703/963/820 702/876/820 517/810/818
f 406/812/369 361/729/369 704/815/369 703/878/369
f 362/728/370 705/814/370 704/815/370 361/729/370
f 363/732/624 706/816/696 705/814/696 362/728/625
f 364/733/626 707/817/697 706/818/697 363/734/627
f 365/735/628 708/819/698 707/817/699 364/733/629
f 366/736/630 709/820/700 708/819/698 365/735/628
f 367/737/631 710/821/701 709/820/700 366/736/630
f 368/738/632 711/822/702 710/823/701 367/739/631
f 369/740/633 712/824/703 711/822/702 368/738/632
f 370/742/13 713/825/13 712/826/703 369/743/633
f 371/745/635 714/827/704 713/828/704 370/746/636
f 372/749/638 715/829/705 714/827/705 371/745/639
f 373/751/641 716/830/706 715/829/706 372/749/642
f 374/753/644 717/831/707 716/830/707 373/751/645
f 375/754/646 718/832/708 717/833/708 374/755/647
f 376/756/648 719/834/709 718/832/709 375/754/649
f 301/637/566 721/706/609 720/704/609 300/635/567
f 302/638/568 722/707/610 721/706/610 301/637/569
f 303/640/571 723/708/611 722/709/611 302/641/572
f 304/644/574 724/710/612 723/708/612 303/640/575
f 305/646/577 725/711/613 724/710/613 304/644/578
f 306/648/580 726/712/614 725/711/614 305/646/581
f 307/649/582 727/713/615 726/714/14 306/650/14
f 728/716/616 727/715/615 307/653/582 308/652/583
f 309/654/584 729/717/617 728/716/616 308/652/583
f 310/655/585 730/718/618 729/719/617 309/656/584
f 311/657/586 731/720/619 730/718/618 310/655/585
f 312/658/587 732/721/620 731/720/619 311/657/586
f 313/659/588 733/722/621 732/721/621 312/658/589
f 314/661/591 734/723/622 733/724/622 313/662/592
f 315/665/205 735/725/205 734/723/205 314/661/205
f 316/667/206 736/726/206 735/725/206 315/665/206
f 737/896/824 736/965/824 316/964/821 520/886/823
f 738/897/34 737/896/34 520/886/34 519/885/34
f 739/999/864 738/998/863 519/994/857 532/995/860
f 740/1016/884 739/999/864 532/995/860 544/1014/882
f 741/1050/904 740/1049/884 544/1045/882 556/1046/902
f 742/1067/924 741/1050/904 556/1046/902 568/1065/922
f 743/1084/944 742/1067/924 568/1065/922 580/1082/942
f 744/894/964 743/1084/944 580/1082/942 596/890/962
f 596/890/738 589/889/740 745/895/739 744/894/738
f 694/874/34 746/893/34 745/895/739 589/889/740
f 747/891/737 746/893/34 694/874/34 582/456/1056
f 748/892/735 747/891/737 582/456/1056 581/455/735
f 569/1070/927 749/1083/943 748/892/963 581/455/947
f 557/1053/907 750/1066/923 749/1083/943 569/1070/927
f 545/1022/887 751/1048/903 750/1066/923 557/1053/907
f 533/1021/867 752/1047/883 751/1048/903 545/1022/887
f 521/971/831 753/997/862 752/1015/883 533/1002/867
f 501/970/830 754/996/861 753/997/862 521/971/831
f 514/589/524 755/668/34 754/669/34 501/590/525
f 273/958/810 756/959/812 755/668/812 514/589/811
f 274/592/209 757/670/209 756/671/209 273/593/209
f 275/596/210 758/672/210 757/670/210 274/592/210
f 276/598/527 759/673/593 758/672/593 275/596/528
f 277/599/529 760/674/594 759/675/594 276/600/530
f 278/601/531 761/676/595 760/674/596 277/599/532
f 279/602/533 762/677/597 761/676/595 278/601/531
f 280/603/534 763/678/598 762/677/597 279/602/533
f 281/604/535 764/679/599 763/680/598 280/605/534
f 282/606/536 765/681/600 764/679/599 281/604/535
f 283/608/1 766/682/1 765/683/600 282/609/536
f 284/611/538 767/684/601 766/685/601 283/612/539
f 285/615/541 768/686/602 767/684/602 284/611/542
f 286/617/544 769/687/603 768/686/603 285/615/545
f 287/619/547 770/688/604 769/687/604 286/617/548
f 288/620/549 771/689/605 770/690/605 287/621/550
f 289/622/551 772/691/606 771/689/606 288/620/552
f 782/705/608 720/704/608 344/340/248 343/341/249
f 776/702/34 782/703/34 343/339/246 342/338/247
f 775/701/14 776/702/14 342/338/14 341/336/14
f 784/850/711 668/849/711 435/502/407 434/503/408
f 780/847/34 784/848/34 434/501/406 433/500/406
f 779/846/12 780/847/12 433/500/12 432/499/12
f 290/623/553 781/692/607 772/691/607 289/622/554
f 291/624/555 773/694/34 781/693/34 290/625/556
f 292/626/1 774/695/1 773/694/1 291/624/1
f 377/757/650 783/835/710 719/834/710 376/756/651
f 378/758/652 777/837/34 783/836/34 377/759/652
f 379/760/13 778/838/13 777/837/13 378/758/13
f 293/627/557 787/696/63 774/695/63 292/626/558
f 794/698/63 785/697/63 294/628/559 428/629/63
f 792/841/63 899/842/63 794/698/63 428/629/63
f 786/699/63 789/765/63 382/763/63 295/631/561
f 296/630/560 788/700/63 786/699/63 295/631/561
f 788/700/63 775/701/63 341/336/244 340/337/245
f 338/335/243 337/334/241 787/696/63 785/697/63
f 120/1090/91 69/1145/90 797/1086/1057 798/1085/1058
f 597/175/104 598/174/103 800/1088/1059 799/1087/1060
f 598/174/1061 120/1090/1061 798/1085/1061 800/1088/1061
f 69/1145/90 218/1093/94 801/1091/1062 797/1086/1057
f 218/1093/1063 601/178/1063 802/1092/1063 801/1091/1063
f 601/178/106 597/175/104 799/1087/1060 802/1092/1064
f 71/1146/98 133/1103/97 804/1100/1065 803/1099/1066
f 133/1103/1067 609/181/1067 805/1101/1067 804/1100/1067
f 609/181/109 608/180/108 806/1102/1068 805/1101/1069
f 176/1108/337 71/1146/98 803/1099/1066 807/1109/1070
f 608/180/108 616/434/341 808/1110/1071 806/1102/1068
f 616/434/1072 176/1108/1072 807/1109/1072 808/1110/1072
f 204/1118/102 70/1147/101 809/1114/1073 810/1113/1074
f 620/185/112 621/184/111 812/1116/1075 811/1115/1076
f 621/184/1077 204/1118/1077 810/1113/1077 812/1116/1077
f 70/1147/101 241/1126/460 813/1124/1078 809/1114/1073
f 241/1126/1079 631/543/1079 814/1125/1079 813/1124/1079
f 631/543/456 620/185/112 811/1115/1076 814/1125/1080
f 72/1148/313 162/1134/312 815/1131/1081 816/1130/1082
f 162/1134/1083 638/406/1083 817/1132/1083 815/1131/1083
f 638/406/308 639/405/307 818/1133/1084 817/1132/1085
f 256/1136/485 72/1148/313 816/1130/1082 819/1137/1086
f 639/405/307 640/567/489 820/1138/1087 818/1133/1084
f 640/567/1088 256/1136/1088 819/1137/1088 820/1138/1088
f 6/1149/3 7/1150/2 822/1151/1089 821/1152/1089
f 1/1153/6 6/1149/5 821/1152/1090 823/1154/1090
f 17/1155/16 16/1156/15 826/1157/1091 825/1158/1091
f 16/1156/5 22/1159/6 824/1160/1090 826/1157/1090
f 36/1161/2 37/1162/3 828/1163/1089 827/1164/1089
f 37/1162/24 31/1165/23 829/1166/1092 828/1163/1092
f 52/1167/23 47/1168/24 831/1169/1092 830/1170/1092
f 47/1168/15 46/1171/16 832/1172/1091 831/1169/1091
f 31/1165/23 52/1167/23 830/1170/1092 829/1166/1092
f 46/1171/16 17/1155/16 825/1158/1091 832/1172/1091
f 22/1159/6 1/1153/6 823/1154/1090 824/1160/1090
f 7/1150/2 36/1161/2 827/1164/1089 822/1151/1089
f 821/1152/1 822/1151/1 834/1173/1 833/1174/1
f 823/1154/12 821/1152/12 833/1174/12 836/1175/12
f 825/1158/14 826/1157/14 840/1176/14 839/1177/14
f 826/1157/12 824/1160/12 837/1178/12 840/1176/12
f 827/1164/1 828/1163/1093 842/1179/1093 841/1180/1
f 828/1163/13 829/1166/13 843/1181/13 842/1179/13
f 830/1170/13 831/1169/13 847/1182/13 846/1183/13
f 831/1169/477 832/1172/14 848/1184/14 847/1182/477
f 829/1166/13 830/1170/13 846/1183/13 843/1181/13
f 832/1172/14 825/1158/14 839/1177/14 848/1184/14
f 824/1160/12 823/1154/12 836/1175/12 837/1178/12
f 822/1151/1 827/1164/1 841/1180/1 834/1173/1
f 845/77/1094 838/30/1094 849/1185/1094 850/1186/1094
f 838/30/1095 835/105/1095 851/1187/1095 849/1185/1095
f 835/7/1096 844/56/1096 852/1188/1096 851/1189/1096
f 844/56/1097 845/77/1097 850/1186/1097 852/1188/1097
f 850/1186/14 849/1185/14 853/1190/1098 854/1191/1098
f 849/1185/12 851/1187/12 855/1192/1099 853/1190/1099
f 851/1189/1 852/1188/1 856/1193/1100 855/1194/1100
f 852/1188/13 850/1186/13 854/1191/1101 856/1193/1101
f 854/1191/1098 853/1190/1098 857/1195/1102 858/1196/1102
f 853/1190/1099 855/1192/1099 859/1197/1103 857/1195/1103
f 855/1194/1100 856/1193/1100 860/1198/1104 859/1199/1104
f 856/1193/1101 854/1191/1101 858/1196/1105 860/1198/1105
f 858/1196/1102 857/1195/1102 861/1200/1106 862/1201/1106
f 857/1195/1103 859/1197/1103 863/1202/1107 861/1200/1107
f 859/1199/1104 860/1198/1104 864/1203/1108 863/1204/1108
f 860/1198/1105 858/1196/1105 862/1201/1109 864/1203/1109
f 862/1201/1106 861/1200/1106 865/1205/1110 866/1206/1110
f 861/1200/1107 863/1202/1107 867/1207/1111 865/1205/1111
f 863/1204/1108 864/1203/1108 868/1208/1112 867/1209/1112
f 864/1203/1109 862/1201/1109 866/1206/1113 868/1208/1113
f 866/1206/1114 865/1205/1114 869/1210/1114 870/1211/1114
f 865/1205/1115 867/1207/1115 871/1212/1115 869/1210/1115
f 867/1209/1116 868/1208/1116 872/1213/1116 871/1214/1116
f 868/1208/1117 866/1206/1117 870/1211/1117 872/1213/1117
f 870/1211/14 869/1210/14 873/1215/1118 874/1216/1118
f 869/1210/12 871/1212/12 875/1217/1119 873/1215/1119
f 871/1214/1 872/1213/1 876/1218/1120 875/1219/1120
f 872/1213/13 870/1211/13 874/1216/1121 876/1218/1122
f 874/1216/1118 873/1215/1118 877/1220/1123 878/1221/1123
f 873/1215/1119 875/1217/1119 879/1222/1124 877/1220/1124
f 875/1219/1120 876/1218/1120 880/1223/1125 879/1224/1125
f 876/1218/1122 874/1216/1121 878/1221/1126 880/1223/1127
f 878/1221/1123 877/1220/1123 881/1225/1128 882/1226/1128
f 877/1220/1124 879/1222/1124 883/1227/1129 881/1225/1129
f 879/1224/1125 880/1223/1125 884/1228/1130 883/1229/1131
f 880/1223/1127 878/1221/1126 882/1226/1132 884/1228/1133
f 882/1226/1128 881/1225/1128 885/1230/1134 886/1231/1134
f 881/1225/1129 883/1227/1129 887/1232/1135 885/1230/1135
f 883/1229/1131 884/1228/1130 888/1233/1136 887/1234/1136
f 884/1228/1133 882/1226/1132 886/1231/1137 888/1233/1137
f 886/1231/1138 885/1230/1138 889/1235/1138 890/1236/1138
f 885/1230/1139 887/1232/1139 891/1237/1139 889/1235/1139
f 887/1234/1140 888/1233/1140 892/1238/1140 891/1239/1140
f 888/1233/1141 886/1231/1141 890/1236/1141 892/1238/1141
f 890/1236/14 889/1235/14 893/1240/14 894/142/14
f 889/1235/12 891/1237/12 895/1241/12 893/1240/12
f 891/1239/1 892/1238/1 896/145/1 895/144/1
f 892/1238/13 890/1236/13 894/142/13 896/145/13
f 894/142/63 893/1240/63 895/1241/63 897/143/63
f 380/761/653 790/839/63 778/838/63 379/760/654
f 382/763/63 792/841/63 791/840/63 381/762/655
f 380/761/653 381/762/655 791/840/63 790/839/63
f 789/765/63 899/842/63 792/841/63 382/763/63
f 383/764/63 793/843/63 899/842/63 789/765/63
f 384/766/656 795/844/63 793/843/63 383/764/63
f 385/767/657 796/845/63 795/844/63 384/766/656
f 796/845/63 779/846/63 432/499/405 431/498/404
usemtl standardSurface9SG
f 901/1242/1142 900/1243/1142 908/1244/1142 909/1245/1142
f 902/1246/1143 901/1242/1143 909/1245/1143 910/1247/1143
f 903/1248/1144 902/1246/1144 910/1247/1144 911/1249/1144
f 904/1250/1145 903/1248/1145 911/1249/1145 912/1251/1145
f 905/1252/1146 904/1250/1146 912/1251/1146 913/1253/1146
f 906/1254/1147 905/1252/1147 913/1253/1147 914/1255/1147
f 907/1256/1148 906/1254/1148 914/1255/1148 915/1257/1148
f 900/1258/1149 907/1256/1149 915/1257/1149 908/1259/1149
f 909/1245/13 908/1244/13 916/1260/13 917/1261/13
f 910/1247/13 909/1245/13 917/1261/13 918/1262/13
f 911/1249/13 910/1247/13 918/1262/13 919/1263/13
f 912/1251/13 911/1249/13 919/1263/13 920/1264/13
f 913/1253/13 912/1251/13 920/1264/13 921/1265/13
f 914/1255/13 913/1253/13 921/1265/13 922/1266/13
f 915/1257/13 914/1255/13 922/1266/13 923/1267/13
f 908/1259/13 915/1257/13 923/1267/13 916/1268/13
f 917/1261/1150 916/1260/1150 924/1269/1150 925/1270/1150
f 918/1262/1147 917/1261/1147 925/1270/1147 926/1271/1147
f 919/1263/1151 918/1262/1151 926/1271/1151 927/1272/1151
f 920/1264/1152 919/1263/1152 927/1272/1152 928/1273/1152
f 921/1265/1153 920/1264/1153 928/1273/1153 929/1274/1153
f 922/1266/1154 921/1265/1154 929/1274/1154 930/1275/1154
f 923/1267/1144 922/1266/1144 930/1275/1144 931/1276/1144
f 916/1268/1155 923/1267/1155 931/1276/1155 924/1277/1155
f 925/1270/1156 924/1269/1156 932/1278/1156 933/1279/1156
f 926/1271/1157 925/1270/1157 933/1279/1157 934/1280/1157
f 927/1272/1158 926/1271/1158 934/1280/1158 935/1281/1158
f 928/1273/1159 927/1272/1159 935/1281/1159 936/1282/1159
f 929/1274/1160 928/1273/1160 936/1282/1160 937/1283/1160
f 930/1275/1161 929/1274/1161 937/1283/1161 938/1284/1161
f 931/1276/1162 930/1275/1162 938/1284/1162 939/1285/1162
f 924/1277/1163 931/1276/1163 939/1285/1163 932/1286/1163
f 933/1279/12 932/1278/7 940/1287/7 941/1288/12
f 934/1280/7 933/1279/12 941/1288/12 942/1289/7
f 935/1281/7 934/1280/7 942/1289/7 943/1290/7
f 936/1282/7 935/1281/7 943/1290/7 944/1291/7
f 937/1283/12 936/1282/7 944/1291/7 945/1292/12
f 938/1284/7 937/1283/12 945/1292/12 946/1293/7
f 939/1285/7 938/1284/7 946/1293/7 947/1294/7
f 932/1286/7 939/1285/7 947/1294/7 940/1295/7
f 941/1288/1164 940/1287/1164 900/1296/1164 901/1297/1164
f 942/1289/1165 941/1288/1165 901/1297/1165 902/1298/1165
f 943/1290/1162 942/1289/1162 902/1298/1162 903/1299/1162
f 944/1291/1166 943/1290/1166 903/1299/1166 904/1300/1166
f 945/1292/1167 944/1291/1167 904/1300/1167 905/1301/1167
f 946/1293/1168 945/1292/1168 905/1301/1168 906/1302/1168
f 947/1294/1158 946/1293/1158 906/1302/1158 907/1303/1158
f 940/1295/1169 947/1294/1169 907/1303/1169 900/1304/1169
